SRA,BIOSAMPLE
ERS804467,SAMEA3497318
ERS804466,SAMEA3497317
ERS804465,SAMEA3497316
ERS804464,SAMEA3497315
ERS804463,SAMEA3497314
ERS804462,SAMEA3497313
ERS804461,SAMEA3497312
ERS804460,SAMEA3497311
ERS804459,SAMEA3497310
ERS804458,SAMEA3497309
ERS804457,SAMEA3497308
ERS804456,SAMEA3497307
ERS804455,SAMEA3497306
ERS804454,SAMEA3497305
ERS804453,SAMEA3497304
ERS804452,SAMEA3497303
ERS804451,SAMEA3497302
ERS804450,SAMEA3497301
ERS804449,SAMEA3497300
ERS804448,SAMEA3497299
ERS804447,SAMEA3497298
ERS804446,SAMEA3497297
ERS804445,SAMEA3497296
ERS804444,SAMEA3497295
ERS470752,SAMEA2570230
ERS470751,SAMEA2570229
ERS470750,SAMEA2570228
ERS470749,SAMEA2570227
ERS470748,SAMEA2570226
ERS470747,SAMEA2570225
ERS470746,SAMEA2570224
ERS470745,SAMEA2570223
ERS470744,SAMEA2570222
ERS470743,SAMEA2730393
ERS470742,SAMEA2570221
ERS470741,SAMEA2730392
ERS470740,SAMEA2570220
ERS470739,SAMEA2570219
ERS470738,SAMEA2570218
ERS470737,SAMEA2570217
ERS470736,SAMEA2570216
ERS470735,SAMEA2570215
ERS470734,SAMEA2570214
ERS470733,SAMEA2730376
ERS470732,SAMEA2570213
ERS470731,SAMEA2570212
ERS470730,SAMEA2570211
ERS470729,SAMEA2570210
ERS470728,SAMEA2570209
ERS470727,SAMEA2570208
ERS470726,SAMEA2570207
ERS470725,SAMEA2570206
ERS470724,SAMEA2570205
ERS470723,SAMEA2570204
ERS470722,SAMEA2570203
ERS470721,SAMEA2570202
ERS470720,SAMEA2570201
ERS470719,SAMEA2570200
ERS470718,SAMEA2570199
ERS470717,SAMEA2570198
ERS470716,SAMEA2570197
ERS470715,SAMEA2570196
ERS470714,SAMEA2570195
ERS470713,SAMEA2570194
ERS470712,SAMEA2570193
ERS470711,SAMEA2570192
ERS470710,SAMEA2730346
ERS470709,SAMEA2730345
ERS470708,SAMEA2730329
ERS470707,SAMEA2570191
ERS470706,SAMEA2570190
ERS470705,SAMEA2730328
ERS470704,SAMEA2730327
ERS470703,SAMEA2730326
ERS470702,SAMEA2730325
ERS470701,SAMEA2570189
ERS470700,SAMEA2570188
ERS470699,SAMEA2570187
ERS470698,SAMEA2570186
ERS470697,SAMEA2570185
ERS470696,SAMEA2570184
ERS470695,SAMEA2570183
ERS470694,SAMEA2570182
ERS470693,SAMEA2570181
ERS470692,SAMEA2730312
ERS470691,SAMEA2570180
ERS470690,SAMEA2570179
ERS470689,SAMEA2570178
ERS470688,SAMEA2570177
ERS470687,SAMEA2570176
ERS470686,SAMEA2570175
ERS470685,SAMEA2570174
ERS470684,SAMEA2570173
ERS470683,SAMEA2730299
ERS470682,SAMEA2730298
ERS470681,SAMEA2570172
ERS470680,SAMEA2730297
ERS470679,SAMEA2730296
ERS470678,SAMEA2570171
ERS470677,SAMEA2570170
ERS470676,SAMEA2730287
ERS470675,SAMEA2730286
ERS470674,SAMEA2570169
ERS470673,SAMEA2570168
ERS470672,SAMEA2570167
ERS470671,SAMEA2570166
ERS470670,SAMEA2570165
ERS470669,SAMEA2730285
ERS470668,SAMEA2570164
ERS470667,SAMEA2570163
ERS470666,SAMEA2730276
ERS470665,SAMEA2570162
ERS470664,SAMEA2730275
ERS470663,SAMEA2570161
ERS470662,SAMEA2570160
ERS470661,SAMEA2570159
ERS470660,SAMEA2570158
ERS470659,SAMEA2570157
ERS470658,SAMEA2570156
ERS470657,SAMEA2570155
ERS470656,SAMEA2730264
ERS470655,SAMEA2570154
ERS470654,SAMEA2570153
ERS470653,SAMEA2570152
ERS470652,SAMEA2730263
ERS470651,SAMEA2570151
ERS470650,SAMEA2730262
ERS470649,SAMEA2570150
ERS470648,SAMEA2570149
ERS470647,SAMEA2570148
ERS470646,SAMEA2570147
ERS470645,SAMEA2570146
ERS470644,SAMEA2730247
ERS470643,SAMEA2570145
ERS470642,SAMEA2570144
ERS470641,SAMEA2730246
ERS470640,SAMEA2730245
ERS470639,SAMEA2570143
ERS470638,SAMEA2570142
ERS470637,SAMEA2570141
ERS470636,SAMEA2570140
ERS470635,SAMEA2730244
ERS470634,SAMEA2570139
ERS470633,SAMEA2570138
ERS470632,SAMEA2730231
ERS470631,SAMEA2730230
ERS470630,SAMEA2730229
ERS470629,SAMEA2730228
ERS470628,SAMEA2730227
ERS470627,SAMEA2730226
ERS470626,SAMEA2730225
ERS470625,SAMEA2570137
ERS470624,SAMEA2570136
ERS470623,SAMEA2570135
ERS470622,SAMEA2730198
ERS470621,SAMEA2570134
ERS470620,SAMEA2730197
ERS470619,SAMEA2730196
ERS470618,SAMEA2570133
ERS470617,SAMEA2730195
ERS470616,SAMEA2730194
ERS470615,SAMEA2570132
ERS470614,SAMEA2570131
ERS470613,SAMEA2570130
ERS470612,SAMEA2570129
ERS470611,SAMEA2570128
ERS470610,SAMEA2570127
ERS470609,SAMEA2570126
ERS470608,SAMEA2730436
ERS470607,SAMEA2570125
ERS470606,SAMEA2730435
ERS470605,SAMEA2570124
ERS470604,SAMEA2570123
ERS470603,SAMEA2570122
ERS470602,SAMEA2570121
ERS470601,SAMEA2570120
ERS470600,SAMEA2730425
ERS470599,SAMEA2570119
ERS470598,SAMEA2570118
ERS470597,SAMEA2570117
ERS470596,SAMEA2570116
ERS470595,SAMEA2730424
ERS470594,SAMEA2730423
ERS470593,SAMEA2730422
ERS470592,SAMEA2570115
ERS470591,SAMEA2570114
ERS470590,SAMEA2570113
ERS470589,SAMEA2570112
ERS470588,SAMEA2570111
ERS470587,SAMEA2570110
ERS470586,SAMEA2570109
ERS470585,SAMEA2570108
ERS470584,SAMEA2570107
ERS470583,SAMEA2730407
ERS470582,SAMEA2570106
ERS470581,SAMEA2570105
ERS470580,SAMEA2570104
ERS470579,SAMEA2570103
ERS470578,SAMEA2570102
ERS470577,SAMEA2570101
ERS470576,SAMEA2570100
ERS470575,SAMEA2570099
ERS470574,SAMEA2570098
ERS470573,SAMEA2730391
ERS470572,SAMEA2570097
ERS470571,SAMEA2570096
ERS470570,SAMEA2570095
ERS470569,SAMEA2570094
ERS470568,SAMEA2570093
ERS470567,SAMEA2570092
ERS470566,SAMEA2570091
ERS470565,SAMEA2570090
ERS470564,SAMEA2570089
ERS470563,SAMEA2570088
ERS470562,SAMEA2570087
ERS470561,SAMEA2570086
ERS470560,SAMEA2570085
ERS470559,SAMEA2570084
ERS470558,SAMEA2570083
ERS470557,SAMEA2570082
ERS470556,SAMEA2570081
ERS470555,SAMEA2570080
ERS470554,SAMEA2570079
ERS470553,SAMEA2570078
ERS470552,SAMEA2570077
ERS470551,SAMEA2570076
ERS470550,SAMEA2570075
ERS470549,SAMEA2570074
ERS470548,SAMEA2730344
ERS470547,SAMEA2570073
ERS470546,SAMEA2570072
ERS470545,SAMEA2570071
ERS470544,SAMEA2570070
ERS470543,SAMEA2730343
ERS470542,SAMEA2730342
ERS470541,SAMEA2730324
ERS470540,SAMEA2570069
ERS470539,SAMEA2570068
ERS470538,SAMEA2570067
ERS470537,SAMEA2730323
ERS470536,SAMEA2570066
ERS470535,SAMEA2570065
ERS470534,SAMEA2570064
ERS470533,SAMEA2570063
ERS470532,SAMEA2570062
ERS470531,SAMEA2570061
ERS470530,SAMEA2730311
ERS470529,SAMEA2730310
ERS470528,SAMEA2730309
ERS470527,SAMEA2570060
ERS470526,SAMEA2570059
ERS470525,SAMEA2570058
ERS470524,SAMEA2570057
ERS470523,SAMEA2570056
ERS470522,SAMEA2570055
ERS470521,SAMEA2570054
ERS470520,SAMEA2570053
ERS470519,SAMEA2570052
ERS470518,SAMEA2570051
ERS470517,SAMEA2570050
ERS470516,SAMEA2570049
ERS470515,SAMEA2570048
ERS470514,SAMEA2570047
ERS470513,SAMEA2570046
ERS470512,SAMEA2570045
ERS470511,SAMEA2570044
ERS470510,SAMEA2570043
ERS470509,SAMEA2730284
ERS470508,SAMEA2570042
ERS470507,SAMEA2570041
ERS470506,SAMEA2570040
ERS470505,SAMEA2570039
ERS470504,SAMEA2570038
ERS470503,SAMEA2730283
ERS470502,SAMEA2570037
ERS470501,SAMEA2570036
ERS470500,SAMEA2570035
ERS470499,SAMEA2730274
ERS470498,SAMEA2570034
ERS470497,SAMEA2570033
ERS470496,SAMEA2570032
ERS470495,SAMEA2570031
ERS470494,SAMEA2570030
ERS470493,SAMEA2570029
ERS470492,SAMEA2570028
ERS470491,SAMEA2570027
ERS470490,SAMEA2570026
ERS470489,SAMEA2730261
ERS470488,SAMEA2570025
ERS470487,SAMEA2570024
ERS470486,SAMEA2570023
ERS470485,SAMEA2730260
ERS470484,SAMEA2570022
ERS470483,SAMEA2570021
ERS470482,SAMEA2570020
ERS470481,SAMEA2730259
ERS470480,SAMEA2570019
ERS470479,SAMEA2730243
ERS470478,SAMEA2570018
ERS470477,SAMEA2570017
ERS470476,SAMEA2570016
ERS470475,SAMEA2570015
ERS470474,SAMEA2730242
ERS470473,SAMEA2570014
ERS470472,SAMEA2570013
ERS470471,SAMEA2570012
ERS470470,SAMEA2570011
ERS470469,SAMEA2570010
ERS470468,SAMEA2570009
ERS470467,SAMEA2570008
ERS470466,SAMEA2570007
ERS470465,SAMEA2570006
ERS470464,SAMEA2730224
ERS470463,SAMEA2730223
ERS470462,SAMEA2730222
ERS470461,SAMEA2570005
ERS470460,SAMEA2730221
ERS470459,SAMEA2730220
ERS470458,SAMEA2730193
ERS470457,SAMEA2730192
ERS470456,SAMEA2730191
ERS470455,SAMEA2730190
ERS470454,SAMEA2730189
ERS470453,SAMEA2730188
ERS470452,SAMEA2730421
ERS470451,SAMEA2730420
ERS470450,SAMEA2730419
ERS470449,SAMEA2570004
ERS470448,SAMEA2730418
ERS470447,SAMEA2730406
ERS470446,SAMEA2730405
ERS470445,SAMEA2730404
ERS470444,SAMEA2730403
ERS470443,SAMEA2570003
ERS470442,SAMEA2730402
ERS470441,SAMEA2570002
ERS470440,SAMEA2570001
ERS470439,SAMEA2730401
ERS470438,SAMEA2730400
ERS470437,SAMEA2570000
ERS470436,SAMEA2730390
ERS470435,SAMEA2730389
ERS470434,SAMEA2730388
ERS470433,SAMEA2730387
ERS470432,SAMEA2730386
ERS470431,SAMEA2730385
ERS470430,SAMEA2730384
ERS470429,SAMEA2730383
ERS470428,SAMEA2730382
ERS470427,SAMEA2730381
ERS470426,SAMEA2569999
ERS470425,SAMEA2730375
ERS470424,SAMEA2730374
ERS470423,SAMEA2730373
ERS470422,SAMEA2730372
ERS470421,SAMEA2730371
ERS470420,SAMEA2730370
ERS470419,SAMEA2730369
ERS470418,SAMEA2730368
ERS470417,SAMEA2730367
ERS470416,SAMEA2730366
ERS470415,SAMEA2730365
ERS470414,SAMEA2730360
ERS470413,SAMEA2730359
ERS470412,SAMEA2730358
ERS470411,SAMEA2730357
ERS470410,SAMEA2730356
ERS470409,SAMEA2730355
ERS470408,SAMEA2730354
ERS470407,SAMEA2569998
ERS470406,SAMEA2730353
ERS470405,SAMEA2730352
ERS470404,SAMEA2730351
ERS470403,SAMEA2730341
ERS470402,SAMEA2730340
ERS470401,SAMEA2730339
ERS470400,SAMEA2730338
ERS470399,SAMEA2569997
ERS470398,SAMEA2569996
ERS470397,SAMEA2569995
ERS470396,SAMEA2569994
ERS470395,SAMEA2569993
ERS470394,SAMEA2569992
ERS470393,SAMEA2569991
ERS470392,SAMEA2569990
ERS470391,SAMEA2569989
ERS470390,SAMEA2569988
ERS470389,SAMEA2569987
ERS470388,SAMEA2730322
ERS470387,SAMEA2730321
ERS470386,SAMEA2569986
ERS470385,SAMEA2569985
ERS470384,SAMEA2730320
ERS470383,SAMEA2569984
ERS470382,SAMEA2569983
ERS470381,SAMEA2730308
ERS470380,SAMEA2730307
ERS470379,SAMEA2730306
ERS470378,SAMEA2730305
ERS470218,SAMEA2569940
ERS470217,SAMEA2569939
ERS470216,SAMEA2569938
ERS470215,SAMEA2569937
ERS470214,SAMEA2569936
ERS470213,SAMEA2569935
ERS470212,SAMEA2569934
ERS470211,SAMEA2569933
ERS470210,SAMEA2569932
ERS470209,SAMEA2569931
ERS470208,SAMEA2569930
ERS470207,SAMEA2569929
ERS470206,SAMEA2569928
ERS470205,SAMEA2569927
ERS470204,SAMEA2569926
ERS470203,SAMEA2569925
ERS470202,SAMEA2569924
ERS470201,SAMEA2569923
ERS470200,SAMEA2569922
ERS470199,SAMEA2569921
ERS470198,SAMEA2569920
ERS470197,SAMEA2569919
ERS470196,SAMEA2569918
ERS470195,SAMEA2569917
ERS470194,SAMEA2569916
ERS470193,SAMEA2569915
ERS470192,SAMEA2569914
ERS470191,SAMEA2569913
ERS470190,SAMEA2569912
ERS470189,SAMEA2569911
ERS470188,SAMEA2569910
ERS470187,SAMEA2569909
ERS470186,SAMEA2569908
ERS470185,SAMEA2569907
ERS470184,SAMEA2569906
ERS470183,SAMEA2569905
ERS470182,SAMEA2569904
ERS470181,SAMEA2569903
ERS470180,SAMEA2569902
ERS470179,SAMEA2569901
ERS470178,SAMEA2569900
ERS470177,SAMEA2569899
ERS470176,SAMEA2569898
ERS470175,SAMEA2569897
ERS470174,SAMEA2569896
ERS470173,SAMEA2569895
ERS470172,SAMEA2569894
ERS470171,SAMEA2569893
ERS470170,SAMEA2569892
ERS470169,SAMEA2569891
ERS470168,SAMEA2569890
ERS470167,SAMEA2569889
ERS470166,SAMEA2569888
ERS470165,SAMEA2569887
ERS470164,SAMEA2569886
ERS470163,SAMEA2569885
ERS470162,SAMEA2569884
ERS470161,SAMEA2569883
ERS470160,SAMEA2569882
ERS470159,SAMEA2569881
ERS470158,SAMEA2569880
ERS470157,SAMEA2569879
ERS470156,SAMEA2569878
ERS470155,SAMEA2569877
ERS470154,SAMEA2569876
ERS470153,SAMEA2569875
ERS470377,SAMEA2730304
ERS470376,SAMEA2730303
ERS470375,SAMEA2730302
ERS470374,SAMEA2730301
ERS470373,SAMEA2730300
ERS470372,SAMEA2569982
ERS470371,SAMEA2730295
ERS470370,SAMEA2730294
ERS470369,SAMEA2730293
ERS470368,SAMEA2730292
ERS470367,SAMEA2569981
ERS470366,SAMEA2730291
ERS470365,SAMEA2730290
ERS470364,SAMEA2730289
ERS470363,SAMEA2730288
ERS470362,SAMEA2569980
ERS470361,SAMEA2730282
ERS470360,SAMEA2569979
ERS470359,SAMEA2730281
ERS470358,SAMEA2730280
ERS470357,SAMEA2730279
ERS470356,SAMEA2569978
ERS470355,SAMEA2730278
ERS470354,SAMEA2569977
ERS470353,SAMEA2569976
ERS470352,SAMEA2730277
ERS470351,SAMEA2730273
ERS470350,SAMEA2730272
ERS470349,SAMEA2569975
ERS470348,SAMEA2730271
ERS470347,SAMEA2569974
ERS470346,SAMEA2730270
ERS470345,SAMEA2730269
ERS470344,SAMEA2730268
ERS470343,SAMEA2730267
ERS470342,SAMEA2730266
ERS470341,SAMEA2730265
ERS470340,SAMEA2730258
ERS470339,SAMEA2730257
ERS470338,SAMEA2730256
ERS470337,SAMEA2730255
ERS470336,SAMEA2730254
ERS470335,SAMEA2730253
ERS470334,SAMEA2730252
ERS470333,SAMEA2730251
ERS470332,SAMEA2730250
ERS470331,SAMEA2730249
ERS470330,SAMEA2730248
ERS470329,SAMEA2730241
ERS470328,SAMEA2730240
ERS470327,SAMEA2730239
ERS470326,SAMEA2730238
ERS470325,SAMEA2569973
ERS470324,SAMEA2730237
ERS470323,SAMEA2730236
ERS470322,SAMEA2730235
ERS470321,SAMEA2730234
ERS470320,SAMEA2730233
ERS470319,SAMEA2730232
ERS470318,SAMEA2730209
ERS470317,SAMEA2730208
ERS470316,SAMEA2730207
ERS470315,SAMEA2730206
ERS470314,SAMEA2730205
ERS470313,SAMEA2730204
ERS470312,SAMEA2730203
ERS470311,SAMEA2730202
ERS470310,SAMEA2730201
ERS470309,SAMEA2730200
ERS470308,SAMEA2730199
ERS470307,SAMEA2730443
ERS470306,SAMEA2730442
ERS470305,SAMEA2569972
ERS470304,SAMEA2569971
ERS470303,SAMEA2730441
ERS470302,SAMEA2569970
ERS470301,SAMEA2569969
ERS470300,SAMEA2730440
ERS470299,SAMEA2730439
ERS470298,SAMEA2730438
ERS470297,SAMEA2730437
ERS470296,SAMEA2730434
ERS470295,SAMEA2730433
ERS470294,SAMEA2730432
ERS470293,SAMEA2730431
ERS470292,SAMEA2569968
ERS470291,SAMEA2730430
ERS470290,SAMEA2730429
ERS470289,SAMEA2730428
ERS470288,SAMEA2730427
ERS470287,SAMEA2569967
ERS470286,SAMEA2730426
ERS470285,SAMEA2730417
ERS470284,SAMEA2730416
ERS470283,SAMEA2730415
ERS470282,SAMEA2730414
ERS470281,SAMEA2730413
ERS470280,SAMEA2730412
ERS470279,SAMEA2730411
ERS470278,SAMEA2730410
ERS470277,SAMEA2730409
ERS470276,SAMEA2730408
ERS470275,SAMEA2730399
ERS470274,SAMEA2730398
ERS470273,SAMEA2730397
ERS470272,SAMEA2730396
ERS470271,SAMEA2730395
ERS470270,SAMEA2730394
ERS470269,SAMEA2569966
ERS470268,SAMEA2569965
ERS470267,SAMEA2569964
ERS470266,SAMEA2569963
ERS470265,SAMEA2569962
ERS470264,SAMEA2569961
ERS470263,SAMEA2569960
ERS470262,SAMEA2730380
ERS470261,SAMEA2730379
ERS470260,SAMEA2730378
ERS470259,SAMEA2730377
ERS470258,SAMEA2569959
ERS470257,SAMEA2569958
ERS470256,SAMEA2569957
ERS470255,SAMEA2569956
ERS470254,SAMEA2569955
ERS470253,SAMEA2569954
ERS470252,SAMEA2730364
ERS470251,SAMEA2730363
ERS470250,SAMEA2569953
ERS470249,SAMEA2569952
ERS470248,SAMEA2569951
ERS470247,SAMEA2569950
ERS470246,SAMEA2569949
ERS470245,SAMEA2569948
ERS470244,SAMEA2569947
ERS470243,SAMEA2569946
ERS470242,SAMEA2569945
ERS470241,SAMEA2730350
ERS470240,SAMEA2730349
ERS470239,SAMEA2569944
ERS470238,SAMEA2569943
ERS470237,SAMEA2730348
ERS470236,SAMEA2730347
ERS470235,SAMEA2730337
ERS470234,SAMEA2730336
ERS470233,SAMEA2730335
ERS470232,SAMEA2730334
ERS470231,SAMEA2730333
ERS470230,SAMEA2569942
ERS470229,SAMEA2569941
ERS470228,SAMEA2730332
ERS470227,SAMEA2730331
ERS470226,SAMEA2730330
ERS470225,SAMEA2730319
ERS470224,SAMEA2730318
ERS470223,SAMEA2730317
ERS470222,SAMEA2730316
ERS470221,SAMEA2730315
ERS470220,SAMEA2730314
ERS470219,SAMEA2730313
ERS470152,SAMEA2569874
ERS470151,SAMEA2569873
ERS470150,SAMEA2569872
ERS470149,SAMEA2569871
ERS470148,SAMEA2569870
ERS470147,SAMEA2569869
ERS470146,SAMEA2569868
ERS470145,SAMEA2569867
ERS470144,SAMEA2569866
ERS470143,SAMEA2569865
ERS470142,SAMEA2569864
ERS470141,SAMEA2569863
ERS470140,SAMEA2569862
ERS470139,SAMEA2569861
ERS470138,SAMEA2569860
ERS470137,SAMEA2569859
ERS470136,SAMEA2569858
ERS470135,SAMEA2569857
ERS470134,SAMEA2569856
ERS470133,SAMEA2569855
ERS470132,SAMEA2569854
ERS470131,SAMEA2569853
ERS470130,SAMEA2569852
ERS470129,SAMEA2569851
ERS470128,SAMEA2569850
ERS470127,SAMEA2569849
ERS470126,SAMEA2569848
ERS470125,SAMEA2569847
ERS470124,SAMEA2569846
ERS470123,SAMEA2569845
ERS470122,SAMEA2569844
ERS470121,SAMEA2569843
ERS470120,SAMEA2569842
ERS470119,SAMEA2569841
ERS470118,SAMEA2569840
ERS470117,SAMEA2569839
ERS470116,SAMEA2569838
ERS470115,SAMEA2569837
ERS470114,SAMEA2569836
ERS470113,SAMEA2569835
ERS470112,SAMEA2569834
ERS470111,SAMEA2569833
ERS470110,SAMEA2569832
ERS470109,SAMEA2569831
ERS470108,SAMEA2569830
ERS470107,SAMEA2569829
ERS470106,SAMEA2569828
ERS470105,SAMEA2569827
ERS470104,SAMEA2569826
ERS470103,SAMEA2569825
ERS470102,SAMEA2569824
ERS470101,SAMEA2569823
ERS470100,SAMEA2569822
ERS470099,SAMEA2569821
ERS470098,SAMEA2569820
ERS470097,SAMEA2569819
ERS470096,SAMEA2569818
ERS470095,SAMEA2569817
ERS470094,SAMEA2569816
ERS470093,SAMEA2569815
ERS470092,SAMEA2569814
ERS470091,SAMEA2569813
ERS470090,SAMEA2569812
ERS470089,SAMEA2569811
ERS470088,SAMEA2569810
ERS470087,SAMEA2569809
ERS470086,SAMEA2569808
ERS470085,SAMEA2569807
ERS470084,SAMEA2569806
ERS470083,SAMEA2569805
ERS470082,SAMEA2569804
ERS470081,SAMEA2569803
ERS470080,SAMEA2569802
ERS470079,SAMEA2569801
ERS470078,SAMEA2569800
ERS470077,SAMEA2569799
ERS470076,SAMEA2569798
ERS470075,SAMEA2569797
ERS470074,SAMEA2569796
ERS470073,SAMEA2569795
ERS470072,SAMEA2569794
ERS470071,SAMEA2569793
ERS470070,SAMEA2569792
ERS470069,SAMEA2569791
ERS470068,SAMEA2569790
ERS470067,SAMEA2569789
ERS470066,SAMEA2569788
ERS470065,SAMEA2569787
ERS470064,SAMEA2569786
ERS470063,SAMEA2569785
ERS470062,SAMEA2569784
ERS470061,SAMEA2569783
ERS470060,SAMEA2569782
ERS470059,SAMEA2569781
ERS470058,SAMEA2569780
ERS470057,SAMEA2569779
ERS470056,SAMEA2569778
ERS470055,SAMEA2569777
ERS470054,SAMEA2569776
ERS470053,SAMEA2569775
ERS470052,SAMEA2569774
ERS470051,SAMEA2569773
ERS470050,SAMEA2569772
ERS470049,SAMEA2569771
ERS470048,SAMEA2569770
ERS470047,SAMEA2569769
ERS470046,SAMEA2569768
ERS470045,SAMEA2569767
ERS470044,SAMEA2569766
ERS470043,SAMEA2569765
ERS470042,SAMEA2569764
ERS470041,SAMEA2569763
ERS470040,SAMEA2569762
ERS470039,SAMEA2569761
ERS470038,SAMEA2569760
ERS470037,SAMEA2569759
ERS470036,SAMEA2569758
ERS470035,SAMEA2569757
ERS470034,SAMEA2569756
ERS470033,SAMEA2569755
ERS470032,SAMEA2569754
ERS470031,SAMEA2569753
ERS470030,SAMEA2569752
ERS470029,SAMEA2569751
ERS470028,SAMEA2569750
ERS470027,SAMEA2569749
ERS470026,SAMEA2569748
ERS470025,SAMEA2569747
ERS470024,SAMEA2569746
ERS470023,SAMEA2569745
ERS470022,SAMEA2569744
ERS470021,SAMEA2569743
ERS470020,SAMEA2569742
ERS470019,SAMEA2569741
ERS470018,SAMEA2569740
ERS470017,SAMEA2569739
ERS470016,SAMEA2569738
ERS470015,SAMEA2569737
ERS470014,SAMEA2569736
ERS470013,SAMEA2569735
ERS470012,SAMEA2569734
ERS470011,SAMEA2569733
ERS470010,SAMEA2569732
ERS470009,SAMEA2569731
ERS470008,SAMEA2569730
ERS470007,SAMEA2569729
ERS470006,SAMEA2569728
ERS470005,SAMEA2569727
ERS470004,SAMEA2569726
ERS470003,SAMEA2569725
ERS470002,SAMEA2569724
ERS470001,SAMEA2569723
ERS470000,SAMEA2569722
ERS469999,SAMEA2569721
ERS469998,SAMEA2569720
ERS469997,SAMEA2569719
ERS469996,SAMEA2569718
ERS469995,SAMEA2569717
ERS469994,SAMEA2569716
ERS469993,SAMEA2569715
ERS469992,SAMEA2569714
ERS469991,SAMEA2569713
ERS469990,SAMEA2569712
ERS469989,SAMEA2569711
ERS469988,SAMEA2569710
ERS469987,SAMEA2569709
ERS469986,SAMEA2569708
ERS469985,SAMEA2569707
ERS469984,SAMEA2569706
ERS469983,SAMEA2569705
ERS469982,SAMEA2569704
ERS469981,SAMEA2569703
ERS469980,SAMEA2569702
ERS469979,SAMEA2569701
ERS469978,SAMEA2569700
ERS469977,SAMEA2569699
ERS469976,SAMEA2569698
ERS469975,SAMEA2569697
ERS469974,SAMEA2569696
ERS469973,SAMEA2569695
ERS469972,SAMEA2569694
ERS469971,SAMEA2569693
ERS469970,SAMEA2569692
ERS469969,SAMEA2569691
ERS469968,SAMEA2569690
ERS469967,SAMEA2569689
ERS469966,SAMEA2569688
ERS469965,SAMEA2569687
ERS469964,SAMEA2569686
ERS469963,SAMEA2569685
ERS469962,SAMEA2569684
ERS469961,SAMEA2569683
ERS469960,SAMEA2569682
ERS469959,SAMEA2569681
ERS469958,SAMEA2569680
ERS469957,SAMEA2569679
ERS469956,SAMEA2569678
ERS469955,SAMEA2569677
ERS469954,SAMEA2569676
ERS469953,SAMEA2569675
ERS469952,SAMEA2569674
ERS469951,SAMEA2569673
ERS469950,SAMEA2569672
ERS469949,SAMEA2569671
ERS469948,SAMEA2569670
ERS469947,SAMEA2569669
ERS469946,SAMEA2569668
ERS469945,SAMEA2569667
ERS469944,SAMEA2569666
ERS469943,SAMEA2569665
ERS469942,SAMEA2569664
ERS469941,SAMEA2569663
ERS469940,SAMEA2569662
ERS469939,SAMEA2569661
ERS469938,SAMEA2569660
ERS469937,SAMEA2569659
ERS469936,SAMEA2569658
ERS469935,SAMEA2569657
ERS469934,SAMEA2569656
ERS469933,SAMEA2569655
ERS469932,SAMEA2569654
ERS469931,SAMEA2569653
ERS469930,SAMEA2569652
ERS469929,SAMEA2569651
ERS469928,SAMEA2569650
ERS469927,SAMEA2569649
ERS469926,SAMEA2569648
ERS469925,SAMEA2569647
ERS469924,SAMEA2569646
ERS469923,SAMEA2569645
ERS469922,SAMEA2569644
ERS469921,SAMEA2569643
ERS469920,SAMEA2569642
ERS469919,SAMEA2569641
ERS469918,SAMEA2569640
ERS469917,SAMEA2569639
ERS469916,SAMEA2569638
ERS469915,SAMEA2569637
ERS469914,SAMEA2569636
ERS469913,SAMEA2569635
ERS469912,SAMEA2569634
ERS469911,SAMEA2569633
ERS469910,SAMEA2569632
ERS469909,SAMEA2569631
ERS469908,SAMEA2569630
ERS469907,SAMEA2569629
ERS469906,SAMEA2569628
ERS469905,SAMEA2569627
ERS469904,SAMEA2569626
ERS469903,SAMEA2569625
ERS469902,SAMEA2569624
ERS469901,SAMEA2569623
ERS469900,SAMEA2569622
ERS469899,SAMEA2569621
ERS469898,SAMEA2569620
ERS469897,SAMEA2569619
ERS469896,SAMEA2569618
ERS469895,SAMEA2569617
ERS469894,SAMEA2569616
ERS469893,SAMEA2569615
ERS469892,SAMEA2569614
ERS469891,SAMEA2569613
ERS469890,SAMEA2569612
ERS469889,SAMEA2569611
ERS469888,SAMEA2569610
ERS469887,SAMEA2569609
ERS469886,SAMEA2569608
ERS469885,SAMEA2569607
ERS469884,SAMEA2569606
ERS469883,SAMEA2569605
ERS469882,SAMEA2569604
ERS469881,SAMEA2569603
ERS469880,SAMEA2569602
ERS469879,SAMEA2569601
ERS469878,SAMEA2569600
ERS469877,SAMEA2569599
ERS469876,SAMEA2569598
ERS469875,SAMEA2569597
ERS469874,SAMEA2569596
ERS469873,SAMEA2569595
ERS469872,SAMEA2569594
ERS469871,SAMEA2569593
ERS469870,SAMEA2569592
ERS469869,SAMEA2569591
ERS469868,SAMEA2569590
ERS469867,SAMEA2569589
ERS469866,SAMEA2569588
ERS469865,SAMEA2569587
ERS469864,SAMEA2569586
ERS469863,SAMEA2569585
ERS469862,SAMEA2569584
ERS469861,SAMEA2569583
ERS469860,SAMEA2569582
ERS469859,SAMEA2569581
ERS469858,SAMEA2569580
ERS469857,SAMEA2569579
ERS469856,SAMEA2569578
ERS469855,SAMEA2569577
ERS469854,SAMEA2569576
ERS469853,SAMEA2569575
ERS469852,SAMEA2569574
ERS469851,SAMEA2569573
ERS469850,SAMEA2569572
ERS469849,SAMEA2569571
ERS469848,SAMEA2569570
ERS469847,SAMEA2569569
ERS469846,SAMEA2569568
ERS469845,SAMEA2569567
ERS469844,SAMEA2569566
ERS469843,SAMEA2569565
ERS469842,SAMEA2569564
ERS469841,SAMEA2569563
ERS469840,SAMEA2569562
ERS469839,SAMEA2569561
ERS469838,SAMEA2569560
ERS469837,SAMEA2569559
ERS469836,SAMEA2569558
ERS469835,SAMEA2569557
ERS469834,SAMEA2569556
ERS469833,SAMEA2569555
ERS469832,SAMEA2569554
ERS469831,SAMEA2569553
ERS469830,SAMEA2569552
ERS469829,SAMEA2569551
ERS469828,SAMEA2569550
ERS469827,SAMEA2569549
ERS469826,SAMEA2569548
ERS469825,SAMEA2569547
ERS469824,SAMEA2569546
ERS469823,SAMEA2569545
ERS469822,SAMEA2569544
ERS469821,SAMEA2569543
ERS469820,SAMEA2569542
ERS469819,SAMEA2569541
ERS469818,SAMEA2569540
ERS469817,SAMEA2569539
ERS469816,SAMEA2569538
ERS469815,SAMEA2569537
ERS469814,SAMEA2569536
ERS469813,SAMEA2569535
ERS469812,SAMEA2569534
ERS469811,SAMEA2569533
ERS469810,SAMEA2569532
ERS469809,SAMEA2569531
ERS469808,SAMEA2569530
ERS469807,SAMEA2569529
ERS469806,SAMEA2569528
ERS469805,SAMEA2569527
ERS469804,SAMEA2569526
ERS469803,SAMEA2569525
ERS469802,SAMEA2569524
ERS469801,SAMEA2569523
ERS469800,SAMEA2569522
ERS469799,SAMEA2569521
ERS469798,SAMEA2569520
ERS469797,SAMEA2569519
ERS469796,SAMEA2569518
ERS469795,SAMEA2569517
ERS469794,SAMEA2569516
ERS469793,SAMEA2569515
ERS469792,SAMEA2569514
ERS469791,SAMEA2569513
ERS469790,SAMEA2569512
ERS469789,SAMEA2569511
ERS469788,SAMEA2569510
ERS469787,SAMEA2569509
ERS469786,SAMEA2569508
ERS469785,SAMEA2569507
ERS469784,SAMEA2569506
ERS469783,SAMEA2569505
ERS469782,SAMEA2569504
ERS469781,SAMEA2569503
ERS469780,SAMEA2569502
ERS469779,SAMEA2569501
ERS469778,SAMEA2569500
ERS469777,SAMEA2569499
ERS469776,SAMEA2569498
ERS469775,SAMEA2569497
ERS469774,SAMEA2569496
ERS469773,SAMEA2569495
ERS469772,SAMEA2569494
ERS469771,SAMEA2569493
ERS469770,SAMEA2569492
ERS469769,SAMEA2569491
ERS469768,SAMEA2569490
ERS469767,SAMEA2569489
ERS469766,SAMEA2569488
ERS469765,SAMEA2569487
ERS469764,SAMEA2569486
ERS469763,SAMEA2569485
ERS469762,SAMEA2569484
ERS469761,SAMEA2569483
ERS469760,SAMEA2569482
ERS469759,SAMEA2569481
ERS469758,SAMEA2569480
ERS469757,SAMEA2569479
ERS469756,SAMEA2569478
ERS469755,SAMEA2569477
ERS469754,SAMEA2569476
ERS469753,SAMEA2569475
ERS469752,SAMEA2569474
ERS469751,SAMEA2569473
ERS469750,SAMEA2569472
ERS469749,SAMEA2569471
ERS469748,SAMEA2569470
ERS469747,SAMEA2569469
ERS469746,SAMEA2569468
ERS469745,SAMEA2569467
ERS469744,SAMEA2569466
ERS469743,SAMEA2569465
ERS469742,SAMEA2569464
ERS469741,SAMEA2569463
ERS469740,SAMEA2569462
ERS469739,SAMEA2569461
ERS469738,SAMEA2569460
ERS469737,SAMEA2569459
ERS469736,SAMEA2569458
ERS469735,SAMEA2569457
ERS469734,SAMEA2569456
ERS469733,SAMEA2569455
ERS469732,SAMEA2569454
ERS469731,SAMEA2569453
ERS469730,SAMEA2569452
ERS469729,SAMEA2569451
ERS469728,SAMEA2569450
ERS469727,SAMEA2569449
ERS469726,SAMEA2569448
ERS469725,SAMEA2569447
ERS469724,SAMEA2569446
ERS469723,SAMEA2569445
ERS469722,SAMEA2569444
ERS469721,SAMEA2569443
ERS469720,SAMEA2569442
ERS469719,SAMEA2569441
ERS469718,SAMEA2569440
ERS469717,SAMEA2569439
ERS469716,SAMEA2569438
ERS469715,SAMEA2569437
ERS469714,SAMEA2569436
ERS469713,SAMEA2569435
ERS469712,SAMEA2569434
ERS469711,SAMEA2569433
ERS469710,SAMEA2569432
ERS469709,SAMEA2569431
ERS469708,SAMEA2569430
ERS469707,SAMEA2569429
ERS469706,SAMEA2569428
ERS469705,SAMEA2569427
ERS469704,SAMEA2569426
ERS469703,SAMEA2569425
ERS469702,SAMEA2569424
ERS469701,SAMEA2569423
ERS469700,SAMEA2569422
ERS469699,SAMEA2569421
ERS469698,SAMEA2569420
ERS469697,SAMEA2569419
ERS469696,SAMEA2569418
ERS469695,SAMEA2569417
ERS469694,SAMEA2569416
ERS469693,SAMEA2569415
ERS469692,SAMEA2569414
ERS469691,SAMEA2569413
ERS469690,SAMEA2569412
ERS469689,SAMEA2569411
ERS469688,SAMEA2569410
ERS469687,SAMEA2569409
ERS469686,SAMEA2569408
ERS469685,SAMEA2569407
ERS469684,SAMEA2569406
ERS469683,SAMEA2569405
ERS469682,SAMEA2569404
ERS469681,SAMEA2569403
ERS469680,SAMEA2569402
ERS469679,SAMEA2569401
ERS469678,SAMEA2569400
ERS469677,SAMEA2569399
ERS469676,SAMEA2569398
ERS469675,SAMEA2569397
ERS469674,SAMEA2569396
ERS469673,SAMEA2569395
ERS469672,SAMEA2569394
ERS469671,SAMEA2569393
ERS469670,SAMEA2569392
ERS469669,SAMEA2569391
ERS469668,SAMEA2569390
ERS469667,SAMEA2569389
ERS469666,SAMEA2569388
ERS469665,SAMEA2569387
ERS469664,SAMEA2569386
ERS469663,SAMEA2569385
ERS469662,SAMEA2569384
ERS469661,SAMEA2569383
ERS469660,SAMEA2569382
ERS469659,SAMEA2569381
ERS469658,SAMEA2569380
ERS469657,SAMEA2569379
ERS469656,SAMEA2569378
ERS469655,SAMEA2569377
ERS469654,SAMEA2569376
ERS469653,SAMEA2569375
ERS469652,SAMEA2569374
ERS469651,SAMEA2569373
ERS469650,SAMEA2569372
ERS469649,SAMEA2569371
ERS469648,SAMEA2569370
ERS469647,SAMEA2569369
ERS469646,SAMEA2569368
ERS469645,SAMEA2569367
ERS469644,SAMEA2569366
ERS469643,SAMEA2569365
ERS469642,SAMEA2569364
ERS469641,SAMEA2569363
ERS469640,SAMEA2569362
ERS469639,SAMEA2569361
ERS469638,SAMEA2569360
ERS469637,SAMEA2569359
ERS469636,SAMEA2569358
ERS469635,SAMEA2569357
ERS469634,SAMEA2569356
ERS469633,SAMEA2569355
ERS469632,SAMEA2569354
ERS469631,SAMEA2569353
ERS469630,SAMEA2569352
ERS469629,SAMEA2569351
ERS469628,SAMEA2569350
ERS469627,SAMEA2569349
ERS469626,SAMEA2569348
ERS469625,SAMEA2569347
ERS469624,SAMEA2569346
ERS469623,SAMEA2569345
ERS469622,SAMEA2569344
ERS469621,SAMEA2569343
ERS469620,SAMEA2569342
ERS469619,SAMEA2569341
ERS469618,SAMEA2569340
ERS469617,SAMEA2569339
ERS469616,SAMEA2569338
ERS469615,SAMEA2569337
ERS469614,SAMEA2569336
ERS469613,SAMEA2569335
ERS469612,SAMEA2569334
ERS469611,SAMEA2569333
ERS469610,SAMEA2569332
ERS469609,SAMEA2569331
ERS469608,SAMEA2569330
ERS469607,SAMEA2569329
ERS469606,SAMEA2569328
ERS469605,SAMEA2569327
ERS469604,SAMEA2569326
ERS469603,SAMEA2569325
ERS469602,SAMEA2569324
ERS469601,SAMEA2569323
ERS469600,SAMEA2569322
ERS469599,SAMEA2569321
ERS469598,SAMEA2569320
ERS469597,SAMEA2569319
ERS469596,SAMEA2569318
ERS469595,SAMEA2569317
ERS469594,SAMEA2569316
ERS469593,SAMEA2569315
ERS469592,SAMEA2569314
ERS469591,SAMEA2569313
ERS469590,SAMEA2569312
ERS469589,SAMEA2569311
ERS469588,SAMEA2569310
ERS469587,SAMEA2569309
ERS469586,SAMEA2569308
ERS469585,SAMEA2569307
ERS469584,SAMEA2569306
ERS469583,SAMEA2569305
ERS469582,SAMEA2569304
ERS469581,SAMEA2569303
ERS469580,SAMEA2569302
ERS469579,SAMEA2569301
ERS469578,SAMEA2569300
ERS469577,SAMEA2569299
ERS469576,SAMEA2569298
ERS469575,SAMEA2569297
ERS469574,SAMEA2569296
ERS469573,SAMEA2569295
ERS469572,SAMEA2569294
ERS469571,SAMEA2569293
ERS469570,SAMEA2569292
ERS469569,SAMEA2569291
ERS469568,SAMEA2569290
ERS469567,SAMEA2569289
ERS469566,SAMEA2569288
ERS469565,SAMEA2569287
ERS469564,SAMEA2569286
ERS469563,SAMEA2569285
ERS469562,SAMEA2569284
ERS469561,SAMEA2569283
ERS469560,SAMEA2569282
ERS469559,SAMEA2569281
ERS469558,SAMEA2569280
ERS469557,SAMEA2569279
ERS469556,SAMEA2569278
ERS469555,SAMEA2569277
ERS469554,SAMEA2569276
ERS469553,SAMEA2569275
ERS469552,SAMEA2569274
ERS469551,SAMEA2569273
ERS469550,SAMEA2569272
ERS469549,SAMEA2569271
ERS469548,SAMEA2569270
ERS469547,SAMEA2569269
ERS469546,SAMEA2569268
ERS469545,SAMEA2569267
ERS469544,SAMEA2569266
ERS469543,SAMEA2569265
ERS469542,SAMEA2569264
ERS469541,SAMEA2569263
ERS469540,SAMEA2569262
ERS469539,SAMEA2569261
ERS469538,SAMEA2569260
ERS469537,SAMEA2569259
ERS469536,SAMEA2569258
ERS469535,SAMEA2569257
ERS469534,SAMEA2569256
ERS469533,SAMEA2569255
ERS469532,SAMEA2569254
ERS469531,SAMEA2569253
ERS469530,SAMEA2569252
ERS469529,SAMEA2569251
ERS469528,SAMEA2569250
ERS469527,SAMEA2569249
ERS469526,SAMEA2569248
ERS469525,SAMEA2569247
ERS469524,SAMEA2569246
ERS469523,SAMEA2569245
ERS469522,SAMEA2569244
ERS469521,SAMEA2569243
ERS469520,SAMEA2569242
ERS469519,SAMEA2569241
ERS469518,SAMEA2569240
ERS469517,SAMEA2569239
ERS469516,SAMEA2569238
ERS469515,SAMEA2569237
ERS469514,SAMEA2569236
ERS469513,SAMEA2569235
ERS469512,SAMEA2569234
ERS469511,SAMEA2569233
ERS469510,SAMEA2569232
ERS469509,SAMEA2569231
ERS469508,SAMEA2569230
ERS469507,SAMEA2569229
ERS469506,SAMEA2569228
ERS469505,SAMEA2569227
ERS469504,SAMEA2569226
ERS469503,SAMEA2569225
ERS469502,SAMEA2569224
ERS469501,SAMEA2569223
ERS469500,SAMEA2569222
ERS469499,SAMEA2569221
ERS469498,SAMEA2569220
ERS469497,SAMEA2569219
ERS469496,SAMEA2569218
ERS469495,SAMEA2569217
ERS469494,SAMEA2569216
ERS469493,SAMEA2569215
ERS469492,SAMEA2569214
ERS469491,SAMEA2569213
ERS469490,SAMEA2569212
ERS469489,SAMEA2569211
ERS469488,SAMEA2569210
ERS469487,SAMEA2569209
ERS469486,SAMEA2569208
ERS469485,SAMEA2569207
ERS469484,SAMEA2569206
ERS469483,SAMEA2569205
ERS469482,SAMEA2569204
ERS469481,SAMEA2569203
ERS469480,SAMEA2569202
ERS469479,SAMEA2569201
ERS469478,SAMEA2569200
ERS469477,SAMEA2569199
ERS469476,SAMEA2569198
ERS469475,SAMEA2569197
ERS469474,SAMEA2569196
ERS469473,SAMEA2569195
ERS469472,SAMEA2569194
ERS469471,SAMEA2569193
ERS469470,SAMEA2569192
ERS469469,SAMEA2569191
ERS469468,SAMEA2569190
ERS469467,SAMEA2569189
ERS469466,SAMEA2569188
ERS469465,SAMEA2569187
ERS469464,SAMEA2569186
ERS469463,SAMEA2569185
ERS469462,SAMEA2569184
ERS469461,SAMEA2569183
ERS469460,SAMEA2569182
ERS469459,SAMEA2569181
ERS469458,SAMEA2569180
ERS469457,SAMEA2569179
ERS469456,SAMEA2569178
ERS469455,SAMEA2569177
ERS469454,SAMEA2569176
ERS469453,SAMEA2569175
ERS469452,SAMEA2569174
ERS469451,SAMEA2569173
ERS469450,SAMEA2569172
ERS469449,SAMEA2569171
ERS469448,SAMEA2569170
ERS469447,SAMEA2569169
ERS469446,SAMEA2569168
ERS469445,SAMEA2569167
ERS469444,SAMEA2569166
ERS469443,SAMEA2569165
ERS469442,SAMEA2569164
ERS469441,SAMEA2569163
ERS469440,SAMEA2569162
ERS469439,SAMEA2569161
ERS469438,SAMEA2569160
ERS469437,SAMEA2569159
ERS469436,SAMEA2569158
ERS469435,SAMEA2569157
ERS469434,SAMEA2569156
ERS469433,SAMEA2569155
ERS469432,SAMEA2569154
ERS469431,SAMEA2569153
ERS469430,SAMEA2569152
ERS469429,SAMEA2569151
ERS469428,SAMEA2569150
ERS469427,SAMEA2569149
ERS469426,SAMEA2569148
ERS469425,SAMEA2569147
ERS469424,SAMEA2569146
ERS469423,SAMEA2569145
ERS469422,SAMEA2569144
ERS469421,SAMEA2569143
ERS469420,SAMEA2569142
ERS469419,SAMEA2569141
ERS469418,SAMEA2569140
ERS469417,SAMEA2569139
ERS469416,SAMEA2569138
ERS469415,SAMEA2569137
ERS469414,SAMEA2569136
ERS469413,SAMEA2569135
ERS469412,SAMEA2569134
ERS469411,SAMEA2569133
ERS469410,SAMEA2569132
ERS469409,SAMEA2569131
ERS469408,SAMEA2569130
ERS469407,SAMEA2569129
ERS469406,SAMEA2569128
ERS469405,SAMEA2569127
ERS469404,SAMEA2569126
ERS469403,SAMEA2569125
ERS469402,SAMEA2569124
ERS469401,SAMEA2569123
ERS469400,SAMEA2569122
ERS469399,SAMEA2569121
ERS469398,SAMEA2569120
ERS469397,SAMEA2569119
ERS469396,SAMEA2569118
ERS469395,SAMEA2569117
ERS469394,SAMEA2569116
ERS469393,SAMEA2569115
ERS469392,SAMEA2569114
ERS469391,SAMEA2569113
ERS469390,SAMEA2569112
ERS469389,SAMEA2569111
ERS469388,SAMEA2569110
ERS469387,SAMEA2569109
ERS469386,SAMEA2569108
ERS469385,SAMEA2569107
ERS469384,SAMEA2569106
ERS469383,SAMEA2569105
ERS469382,SAMEA2569104
ERS469381,SAMEA2569103
ERS469380,SAMEA2569102
ERS469379,SAMEA2569101
ERS469378,SAMEA2569100
ERS469377,SAMEA2569099
ERS469376,SAMEA2569098
ERS469375,SAMEA2569097
ERS469374,SAMEA2569096
ERS469373,SAMEA2569095
ERS469372,SAMEA2569094
ERS469371,SAMEA2569093
ERS469370,SAMEA2569092
ERS469369,SAMEA2569091
ERS469368,SAMEA2569090
ERS469367,SAMEA2569089
ERS469366,SAMEA2569088
ERS469365,SAMEA2569087
ERS469364,SAMEA2569086
ERS469363,SAMEA2569085
ERS469362,SAMEA2569084
ERS469361,SAMEA2569083
ERS469360,SAMEA2569082
ERS469359,SAMEA2569081
ERS469358,SAMEA2569080
ERS469357,SAMEA2569079
ERS469356,SAMEA2569078
ERS469355,SAMEA2569077
ERS469354,SAMEA2569076
ERS469353,SAMEA2569075
ERS469352,SAMEA2569074
ERS469351,SAMEA2569073
ERS469350,SAMEA2569072
ERS469349,SAMEA2569071
ERS469348,SAMEA2569070
ERS469347,SAMEA2569069
ERS469346,SAMEA2569068
ERS469345,SAMEA2569067
ERS469344,SAMEA2569066
ERS469343,SAMEA2569065
ERS469342,SAMEA2569064
ERS469341,SAMEA2569063
ERS469340,SAMEA2569062
ERS469339,SAMEA2569061
ERS469338,SAMEA2569060
ERS469337,SAMEA2569059
ERS469336,SAMEA2569058
ERS469335,SAMEA2569057
ERS469334,SAMEA2569056
ERS469333,SAMEA2569055
ERS469332,SAMEA2569054
ERS469331,SAMEA2569053
ERS469330,SAMEA2569052
ERS469329,SAMEA2569051
ERS469328,SAMEA2569050
ERS469327,SAMEA2569049
ERS469326,SAMEA2569048
ERS469325,SAMEA2569047
ERS469324,SAMEA2569046
ERS469323,SAMEA2569045
ERS469322,SAMEA2569044
ERS469321,SAMEA2569043
ERS469320,SAMEA2569042
ERS469319,SAMEA2569041
ERS469318,SAMEA2569040
ERS469317,SAMEA2569039
ERS469316,SAMEA2569038
ERS469315,SAMEA2569037
ERS469314,SAMEA2569036
ERS469313,SAMEA2569035
ERS469312,SAMEA2569034
ERS469311,SAMEA2569033
ERS469310,SAMEA2569032
ERS469309,SAMEA2569031
ERS469308,SAMEA2569030
ERS469307,SAMEA2569029
ERS469306,SAMEA2569028
ERS469305,SAMEA2569027
ERS469304,SAMEA2569026
ERS469303,SAMEA2569025
ERS469302,SAMEA2569024
ERS469301,SAMEA2569023
ERS469300,SAMEA2569022
ERS469299,SAMEA2569021
ERS469298,SAMEA2569020
ERS469297,SAMEA2569019
ERS469296,SAMEA2569018
ERS469295,SAMEA2569017
ERS469294,SAMEA2569016
ERS469293,SAMEA2569015
ERS469292,SAMEA2569014
ERS469291,SAMEA2569013
ERS469290,SAMEA2569012
ERS469289,SAMEA2569011
ERS469288,SAMEA2569010
ERS469287,SAMEA2569009
ERS469286,SAMEA2569008
ERS469285,SAMEA2569007
ERS469284,SAMEA2569006
ERS469283,SAMEA2569005
ERS469282,SAMEA2569004
ERS469281,SAMEA2569003
ERS469280,SAMEA2569002
ERS469279,SAMEA2569001
ERS469278,SAMEA2569000
ERS469277,SAMEA2568999
ERS469276,SAMEA2568998
ERS469275,SAMEA2568997
ERS469274,SAMEA2568996
ERS469273,SAMEA2568995
ERS469272,SAMEA2568994
ERS469271,SAMEA2568993
ERS469270,SAMEA2568992
ERS469269,SAMEA2568991
ERS469268,SAMEA2568990
ERS469267,SAMEA2568989
ERS469266,SAMEA2568988
ERS469265,SAMEA2568987
ERS469264,SAMEA2568986
ERS469263,SAMEA2568985
ERS469262,SAMEA2568984
ERS469261,SAMEA2568983
ERS469260,SAMEA2568982
ERS469259,SAMEA2568981
ERS469258,SAMEA2568980
ERS469257,SAMEA2568979
ERS469256,SAMEA2568978
ERS469255,SAMEA2568977
ERS469254,SAMEA2568976
ERS469253,SAMEA2568975
ERS469252,SAMEA2568974
ERS469251,SAMEA2568973
ERS469250,SAMEA2568972
ERS469249,SAMEA2568971
ERS469248,SAMEA2568970
ERS469247,SAMEA2568969
ERS469246,SAMEA2568968
ERS469245,SAMEA2568967
ERS469244,SAMEA2568966
ERS469243,SAMEA2568965
ERS469242,SAMEA2568964
ERS469241,SAMEA2568963
ERS469240,SAMEA2568962
ERS469239,SAMEA2568961
ERS469238,SAMEA2568960
ERS469237,SAMEA2568959
ERS469236,SAMEA2568958
ERS469235,SAMEA2568957
ERS469234,SAMEA2568956
ERS469233,SAMEA2568955
ERS469232,SAMEA2568954
ERS469231,SAMEA2568953
ERS469230,SAMEA2568952
ERS469229,SAMEA2568951
ERS469228,SAMEA2568950
ERS469227,SAMEA2568949
ERS469226,SAMEA2568948
ERS469225,SAMEA2568947
ERS469224,SAMEA2568946
ERS469223,SAMEA2568945
ERS469222,SAMEA2568944
ERS469221,SAMEA2568943
ERS469220,SAMEA2568942
ERS469219,SAMEA2568941
ERS469218,SAMEA2568940
ERS469217,SAMEA2568939
ERS469216,SAMEA2568938
ERS469215,SAMEA2568937
ERS469214,SAMEA2568936
ERS469213,SAMEA2568935
ERS469212,SAMEA2568934
ERS469211,SAMEA2568933
ERS469210,SAMEA2568932
ERS469209,SAMEA2568931
ERS469208,SAMEA2568930
ERS469207,SAMEA2568929
ERS469206,SAMEA2568928
ERS469205,SAMEA2568927
ERS469204,SAMEA2568926
ERS469203,SAMEA2568925
ERS469202,SAMEA2568924
ERS469201,SAMEA2568923
ERS469200,SAMEA2568922
ERS469199,SAMEA2568921
ERS469198,SAMEA2568920
ERS469197,SAMEA2568919
ERS469196,SAMEA2568918
ERS469195,SAMEA2568917
ERS469194,SAMEA2568916
ERS469193,SAMEA2568915
ERS469192,SAMEA2568914
ERS469191,SAMEA2568913
ERS469190,SAMEA2568912
ERS469189,SAMEA2568911
ERS469188,SAMEA2568910
ERS469187,SAMEA2568909
ERS469186,SAMEA2568908
ERS469185,SAMEA2568907
ERS469184,SAMEA2568906
ERS469183,SAMEA2568905
ERS469182,SAMEA2568904
ERS469181,SAMEA2568903
ERS469180,SAMEA2568902
ERS469179,SAMEA2568901
ERS469178,SAMEA2568900
ERS469177,SAMEA2568899
ERS469176,SAMEA2568898
ERS469175,SAMEA2568897
ERS469174,SAMEA2568896
ERS469173,SAMEA2568895
ERS469172,SAMEA2568894
ERS469171,SAMEA2568893
ERS469170,SAMEA2568892
ERS469169,SAMEA2568891
ERS469168,SAMEA2568890
ERS469167,SAMEA2568889
ERS469166,SAMEA2568888
ERS469165,SAMEA2568887
ERS469164,SAMEA2568886
ERS469163,SAMEA2568885
ERS469162,SAMEA2568884
ERS469161,SAMEA2568883
ERS469160,SAMEA2568882
ERS469159,SAMEA2568881
ERS469158,SAMEA2568880
ERS469157,SAMEA2568879
ERS469156,SAMEA2568878
ERS469155,SAMEA2568877
ERS469154,SAMEA2568876
ERS469153,SAMEA2568875
ERS469152,SAMEA2568874
ERS469151,SAMEA2568873
ERS469150,SAMEA2568872
ERS469149,SAMEA2568871
ERS469148,SAMEA2568870
ERS469147,SAMEA2568869
ERS469146,SAMEA2568868
ERS469145,SAMEA2568867
ERS469144,SAMEA2568866
ERS469143,SAMEA2568865
ERS469142,SAMEA2568864
ERS469141,SAMEA2568863
ERS469140,SAMEA2568862
ERS469139,SAMEA2568861
ERS469138,SAMEA2568860
ERS469137,SAMEA2568859
ERS469136,SAMEA2568858
ERS469135,SAMEA2568857
ERS469134,SAMEA2568856
ERS469133,SAMEA2568855
ERS469132,SAMEA2568854
ERS469131,SAMEA2568853
ERS469130,SAMEA2568852
ERS469129,SAMEA2568851
ERS469128,SAMEA2568850
ERS469127,SAMEA2568849
ERS469126,SAMEA2568848
ERS469125,SAMEA2568847
ERS469124,SAMEA2568846
ERS469123,SAMEA2568845
ERS469122,SAMEA2568844
ERS469121,SAMEA2568843
ERS469120,SAMEA2568842
ERS469119,SAMEA2568841
ERS469118,SAMEA2568840
ERS469117,SAMEA2568839
ERS469116,SAMEA2568838
ERS469115,SAMEA2568837
ERS469114,SAMEA2568836
ERS469113,SAMEA2568835
ERS469112,SAMEA2568834
ERS469111,SAMEA2568833
ERS469110,SAMEA2568832
ERS469109,SAMEA2568831
ERS469108,SAMEA2568830
ERS469107,SAMEA2568829
ERS469106,SAMEA2568828
ERS469105,SAMEA2568827
ERS469104,SAMEA2568826
ERS469103,SAMEA2568825
ERS469102,SAMEA2568824
ERS469101,SAMEA2568823
ERS469100,SAMEA2568822
ERS469099,SAMEA2568821
ERS469098,SAMEA2568820
ERS469097,SAMEA2568819
ERS469096,SAMEA2568818
ERS469095,SAMEA2568817
ERS469094,SAMEA2568816
ERS469093,SAMEA2568815
ERS469092,SAMEA2568814
ERS469091,SAMEA2568813
ERS469090,SAMEA2568812
ERS469089,SAMEA2568811
ERS469088,SAMEA2568810
ERS469087,SAMEA2568809
ERS469086,SAMEA2568808
ERS469085,SAMEA2568807
ERS469084,SAMEA2568806
ERS469083,SAMEA2568805
ERS469082,SAMEA2568804
ERS469081,SAMEA2568803
ERS469080,SAMEA2568802
ERS469079,SAMEA2568801
ERS469078,SAMEA2568800
ERS469077,SAMEA2568799
ERS469076,SAMEA2568798
ERS469075,SAMEA2568797
ERS469074,SAMEA2568796
ERS469073,SAMEA2568795
ERS469072,SAMEA2568794
ERS469071,SAMEA2568793
ERS469070,SAMEA2568792
ERS469069,SAMEA2568791
ERS469068,SAMEA2568790
ERS469067,SAMEA2568789
ERS469066,SAMEA2568788
ERS469065,SAMEA2568787
ERS469064,SAMEA2568786
ERS469063,SAMEA2568785
ERS469062,SAMEA2568784
ERS469061,SAMEA2568783
ERS469060,SAMEA2568782
ERS469059,SAMEA2568781
ERS469058,SAMEA2568780
ERS469057,SAMEA2568779
ERS469056,SAMEA2568778
ERS469055,SAMEA2568777
ERS469054,SAMEA2568776
ERS469053,SAMEA2568775
ERS469052,SAMEA2568774
ERS469051,SAMEA2568773
ERS469050,SAMEA2568772
ERS469049,SAMEA2568771
ERS469048,SAMEA2568770
ERS469047,SAMEA2568769
ERS469046,SAMEA2568768
ERS469045,SAMEA2568767
ERS469044,SAMEA2568766
ERS469043,SAMEA2568765
ERS469042,SAMEA2568764
ERS469041,SAMEA2568763
ERS469040,SAMEA2568762
ERS469039,SAMEA2568761
ERS469038,SAMEA2568760
ERS469037,SAMEA2568759
ERS469036,SAMEA2568758
ERS469035,SAMEA2568757
ERS469034,SAMEA2568756
ERS469033,SAMEA2568755
ERS469032,SAMEA2568754
ERS469031,SAMEA2568753
ERS469030,SAMEA2568752
ERS469029,SAMEA2568751
ERS469028,SAMEA2568750
ERS469027,SAMEA2568749
ERS469026,SAMEA2568748
ERS469025,SAMEA2568747
ERS469024,SAMEA2568746
ERS469023,SAMEA2568745
ERS469022,SAMEA2568744
ERS469021,SAMEA2568743
ERS469020,SAMEA2568742
ERS469019,SAMEA2568741
ERS469018,SAMEA2568740
ERS469017,SAMEA2568739
ERS469016,SAMEA2568738
ERS469015,SAMEA2568737
ERS469014,SAMEA2568736
ERS469013,SAMEA2568735
ERS469012,SAMEA2568734
ERS469011,SAMEA2568733
ERS469010,SAMEA2568732
ERS469009,SAMEA2568731
ERS469008,SAMEA2568730
ERS469007,SAMEA2568729
ERS469006,SAMEA2568728
ERS469005,SAMEA2568727
ERS469004,SAMEA2568726
ERS469003,SAMEA2568725
ERS469002,SAMEA2568724
ERS469001,SAMEA2568723
ERS469000,SAMEA2568722
ERS468999,SAMEA2568721
ERS468998,SAMEA2568720
ERS468997,SAMEA2568719
ERS468996,SAMEA2568718
ERS468995,SAMEA2568717
ERS468994,SAMEA2568716
ERS468993,SAMEA2568715
ERS468992,SAMEA2568714
ERS468991,SAMEA2568713
ERS468990,SAMEA2568712
ERS468989,SAMEA2568711
ERS468988,SAMEA2568710
ERS468987,SAMEA2568709
ERS468986,SAMEA2568708
ERS468985,SAMEA2568707
ERS468984,SAMEA2568706
ERS468983,SAMEA2568705
ERS468982,SAMEA2568704
ERS468981,SAMEA2568703
ERS468980,SAMEA2568702
ERS468979,SAMEA2568701
ERS468978,SAMEA2568700
ERS468977,SAMEA2568699
ERS468976,SAMEA2568698
ERS468975,SAMEA2568697
ERS468974,SAMEA2568696
ERS468973,SAMEA2568695
ERS468972,SAMEA2568694
ERS468971,SAMEA2568693
ERS468970,SAMEA2568692
ERS468969,SAMEA2568691
ERS468968,SAMEA2568690
ERS468967,SAMEA2568689
ERS468966,SAMEA2568688
ERS468965,SAMEA2568687
ERS468964,SAMEA2568686
ERS468963,SAMEA2568685
ERS468962,SAMEA2568684
ERS468961,SAMEA2568683
ERS468960,SAMEA2568682
ERS468959,SAMEA2568681
ERS468958,SAMEA2568680
ERS468957,SAMEA2568679
ERS468956,SAMEA2568678
ERS468955,SAMEA2568677
ERS468954,SAMEA2568676
ERS468953,SAMEA2568675
ERS468952,SAMEA2568674
ERS468951,SAMEA2568673
ERS468950,SAMEA2568672
ERS468949,SAMEA2568671
ERS468948,SAMEA2568670
ERS468947,SAMEA2568669
ERS468946,SAMEA2568668
ERS468945,SAMEA2568667
ERS468944,SAMEA2568666
ERS468943,SAMEA2568665
ERS468942,SAMEA2568664
ERS468941,SAMEA2568663
ERS468940,SAMEA2568662
ERS468939,SAMEA2568661
ERS468938,SAMEA2568660
ERS468937,SAMEA2568659
ERS468936,SAMEA2568658
ERS468935,SAMEA2568657
ERS468934,SAMEA2568656
ERS468933,SAMEA2568655
ERS468932,SAMEA2568654
ERS468931,SAMEA2568653
ERS468930,SAMEA2568652
ERS468929,SAMEA2568651
ERS468928,SAMEA2568650
ERS468927,SAMEA2568649
ERS468926,SAMEA2568648
ERS468925,SAMEA2568647
ERS468924,SAMEA2568646
ERS468923,SAMEA2568645
ERS468922,SAMEA2568644
ERS468921,SAMEA2568643
ERS468920,SAMEA2568642
ERS468919,SAMEA2568641
ERS468918,SAMEA2568640
ERS468917,SAMEA2568639
ERS468916,SAMEA2568638
ERS468915,SAMEA2568637
ERS468914,SAMEA2568636
ERS468913,SAMEA2568635
ERS468912,SAMEA2568634
ERS468911,SAMEA2568633
ERS468910,SAMEA2568632
ERS468909,SAMEA2568631
ERS468908,SAMEA2568630
ERS468907,SAMEA2568629
ERS468906,SAMEA2568628
ERS468905,SAMEA2568627
ERS468904,SAMEA2568626
ERS468903,SAMEA2568625
ERS468902,SAMEA2568624
ERS468901,SAMEA2568623
ERS468900,SAMEA2568622
ERS468899,SAMEA2568621
ERS468898,SAMEA2568620
ERS468897,SAMEA2568619
ERS468896,SAMEA2568618
ERS468895,SAMEA2568617
ERS468894,SAMEA2568616
ERS468893,SAMEA2568615
ERS468892,SAMEA2568614
ERS468891,SAMEA2568613
ERS468890,SAMEA2568612
ERS468889,SAMEA2568611
ERS468888,SAMEA2568610
ERS468887,SAMEA2568609
ERS468886,SAMEA2568608
ERS468885,SAMEA2568607
ERS468884,SAMEA2568606
ERS468883,SAMEA2568605
ERS468882,SAMEA2568604
ERS468881,SAMEA2568603
ERS468880,SAMEA2568602
ERS468879,SAMEA2568601
ERS468878,SAMEA2568600
ERS468877,SAMEA2568599
ERS468876,SAMEA2568598
ERS468875,SAMEA2568597
ERS468874,SAMEA2568596
ERS468873,SAMEA2568595
ERS468872,SAMEA2568594
ERS468871,SAMEA2568593
ERS468870,SAMEA2568592
ERS468869,SAMEA2568591
ERS468868,SAMEA2568590
ERS468867,SAMEA2568589
ERS468866,SAMEA2568588
ERS468865,SAMEA2568587
ERS468864,SAMEA2568586
ERS468863,SAMEA2568585
ERS468862,SAMEA2568584
ERS468861,SAMEA2568583
ERS468860,SAMEA2568582
ERS468859,SAMEA2568581
ERS468858,SAMEA2568580
ERS468857,SAMEA2568579
ERS468856,SAMEA2568578
ERS468855,SAMEA2568577
ERS468854,SAMEA2568576
ERS468853,SAMEA2568575
ERS468852,SAMEA2568574
ERS468851,SAMEA2568573
ERS468850,SAMEA2568572
ERS468849,SAMEA2568571
ERS468848,SAMEA2568570
ERS468847,SAMEA2568569
ERS468846,SAMEA2568568
ERS468845,SAMEA2568567
ERS468844,SAMEA2568566
ERS468843,SAMEA2568565
ERS468842,SAMEA2568564
ERS468841,SAMEA2568563
ERS468840,SAMEA2568562
ERS468839,SAMEA2568561
ERS468838,SAMEA2568560
ERS468837,SAMEA2568559
ERS468836,SAMEA2568558
ERS468835,SAMEA2568557
ERS468834,SAMEA2568556
ERS468833,SAMEA2568555
ERS468832,SAMEA2568554
ERS468831,SAMEA2568553
ERS468830,SAMEA2568552
ERS468829,SAMEA2568551
ERS468828,SAMEA2568550
ERS468827,SAMEA2568549
ERS468826,SAMEA2568548
ERS468825,SAMEA2568547
ERS468824,SAMEA2568546
ERS468823,SAMEA2568545
ERS468822,SAMEA2568544
ERS468821,SAMEA2568543
ERS468820,SAMEA2568542
ERS468819,SAMEA2568541
ERS468818,SAMEA2568540
ERS468817,SAMEA2568539
ERS468816,SAMEA2568538
ERS468815,SAMEA2568537
ERS468814,SAMEA2568536
ERS468813,SAMEA2568535
ERS468812,SAMEA2568534
ERS468811,SAMEA2568533
ERS468810,SAMEA2568532
ERS468809,SAMEA2568531
ERS468808,SAMEA2568530
ERS468807,SAMEA2568529
ERS468806,SAMEA2568528
ERS468805,SAMEA2568527
ERS468804,SAMEA2568526
ERS468803,SAMEA2568525
ERS468802,SAMEA2568524
ERS468801,SAMEA2568523
ERS468800,SAMEA2568522
ERS468799,SAMEA2568521
ERS468798,SAMEA2568520
ERS468797,SAMEA2568519
ERS468796,SAMEA2568518
ERS468795,SAMEA2568517
ERS468794,SAMEA2568516
ERS468793,SAMEA2568515
ERS468792,SAMEA2568514
ERS468791,SAMEA2568513
ERS468790,SAMEA2568512
ERS468789,SAMEA2568511
ERS468788,SAMEA2568510
ERS468787,SAMEA2568509
ERS468786,SAMEA2568508
ERS468785,SAMEA2568507
ERS468784,SAMEA2568506
ERS468783,SAMEA2568505
ERS468782,SAMEA2568504
ERS468781,SAMEA2568503
ERS468780,SAMEA2568502
ERS468779,SAMEA2568501
ERS468778,SAMEA2568500
ERS468777,SAMEA2568499
ERS468776,SAMEA2568498
ERS468775,SAMEA2568497
ERS468774,SAMEA2568496
ERS468773,SAMEA2568495
ERS468772,SAMEA2568494
ERS468771,SAMEA2568493
ERS468770,SAMEA2568492
ERS468769,SAMEA2568491
ERS468768,SAMEA2568490
ERS468767,SAMEA2568489
ERS468766,SAMEA2568488
ERS468765,SAMEA2568487
ERS468764,SAMEA2568486
ERS468763,SAMEA2568485
ERS468762,SAMEA2568484
ERS468761,SAMEA2568483
ERS468760,SAMEA2568482
ERS468759,SAMEA2568481
ERS468758,SAMEA2568480
ERS468757,SAMEA2568479
ERS468756,SAMEA2568478
ERS468755,SAMEA2568477
ERS468754,SAMEA2568476
ERS468753,SAMEA2568475
ERS468752,SAMEA2568474
ERS468751,SAMEA2568473
ERS468750,SAMEA2568472
ERS468749,SAMEA2568471
ERS468748,SAMEA2568470
ERS468747,SAMEA2568469
ERS468746,SAMEA2568468
ERS468745,SAMEA2568467
ERS468744,SAMEA2568466
ERS468743,SAMEA2568465
ERS468742,SAMEA2568464
ERS468741,SAMEA2568463
ERS468740,SAMEA2568462
ERS468739,SAMEA2568461
ERS468738,SAMEA2568460
ERS468737,SAMEA2568459
ERS468736,SAMEA2568458
ERS468735,SAMEA2568457
ERS468734,SAMEA2568456
ERS468733,SAMEA2568455
ERS468732,SAMEA2568454
ERS468731,SAMEA2568453
ERS468730,SAMEA2568452
ERS468729,SAMEA2568451
ERS468728,SAMEA2568450
ERS468727,SAMEA2568449
ERS468726,SAMEA2568448
ERS468725,SAMEA2568447
ERS468724,SAMEA2568446
ERS468723,SAMEA2568445
ERS468722,SAMEA2568444
ERS468721,SAMEA2568443
ERS468720,SAMEA2568442
ERS468719,SAMEA2568441
ERS468718,SAMEA2568440
ERS468717,SAMEA2568439
ERS468716,SAMEA2568438
ERS468715,SAMEA2568437
ERS468714,SAMEA2568436
ERS468713,SAMEA2568435
ERS468712,SAMEA2568434
ERS468711,SAMEA2568433
ERS468710,SAMEA2568432
ERS468709,SAMEA2568431
ERS468708,SAMEA2568430
ERS468707,SAMEA2568429
ERS468706,SAMEA2568428
ERS468705,SAMEA2568427
ERS468704,SAMEA2568426
ERS468703,SAMEA2568425
ERS468702,SAMEA2568424
ERS468701,SAMEA2568423
ERS468700,SAMEA2568422
ERS468699,SAMEA2568421
ERS468698,SAMEA2568420
ERS468697,SAMEA2568419
ERS468696,SAMEA2568418
ERS468695,SAMEA2568417
ERS468694,SAMEA2568416
ERS468693,SAMEA2568415
ERS468692,SAMEA2568414
ERS468691,SAMEA2568413
ERS468690,SAMEA2568412
ERS468689,SAMEA2568411
ERS468688,SAMEA2568410
ERS468687,SAMEA2568409
ERS468686,SAMEA2568408
ERS468685,SAMEA2568407
ERS468684,SAMEA2568406
ERS468683,SAMEA2568405
ERS468682,SAMEA2568404
ERS468681,SAMEA2568403
ERS468680,SAMEA2568402
ERS468679,SAMEA2568401
ERS468678,SAMEA2568400
ERS468677,SAMEA2568399
ERS468676,SAMEA2568398
ERS468675,SAMEA2568397
ERS468674,SAMEA2568396
ERS468673,SAMEA2568395
ERS468672,SAMEA2568394
ERS468671,SAMEA2568393
ERS468670,SAMEA2568392
ERS468669,SAMEA2568391
ERS468668,SAMEA2568390
ERS468667,SAMEA2568389
ERS468666,SAMEA2568388
ERS468665,SAMEA2568387
ERS468664,SAMEA2568386
ERS468663,SAMEA2568385
ERS468662,SAMEA2568384
ERS468661,SAMEA2568383
ERS468660,SAMEA2568382
ERS468659,SAMEA2568381
ERS468658,SAMEA2568380
ERS468657,SAMEA2568379
ERS468656,SAMEA2568378
ERS468655,SAMEA2568377
ERS468654,SAMEA2568376
ERS468653,SAMEA2568375
ERS468652,SAMEA2568374
ERS468651,SAMEA2568373
ERS468650,SAMEA2568372
ERS468649,SAMEA2568371
ERS468648,SAMEA2568370
ERS468647,SAMEA2568369
ERS468646,SAMEA2568368
ERS468645,SAMEA2568367
ERS468644,SAMEA2568366
ERS468643,SAMEA2568365
ERS468642,SAMEA2568364
ERS468641,SAMEA2568363
ERS468640,SAMEA2568362
ERS468639,SAMEA2568361
ERS468638,SAMEA2568360
ERS468637,SAMEA2568359
ERS468636,SAMEA2568358
ERS468635,SAMEA2568357
ERS468634,SAMEA2568356
ERS468633,SAMEA2568355
ERS468632,SAMEA2568354
ERS468631,SAMEA2568353
ERS468630,SAMEA2568352
ERS468629,SAMEA2568351
ERS468628,SAMEA2568350
ERS468627,SAMEA2568349
ERS468626,SAMEA2568348
ERS468625,SAMEA2568347
ERS468624,SAMEA2568346
ERS468623,SAMEA2568345
ERS468622,SAMEA2568344
ERS468621,SAMEA2568343
ERS468620,SAMEA2568342
ERS468619,SAMEA2568341
ERS468618,SAMEA2568340
ERS468617,SAMEA2568339
ERS468616,SAMEA2568338
ERS468615,SAMEA2568337
ERS468614,SAMEA2568336
ERS468613,SAMEA2568335
ERS468612,SAMEA2568334
ERS468611,SAMEA2568333
ERS468610,SAMEA2568332
ERS468609,SAMEA2568331
ERS468608,SAMEA2568330
ERS468607,SAMEA2568329
ERS468606,SAMEA2568328
ERS468605,SAMEA2568327
ERS468604,SAMEA2568326
ERS468603,SAMEA2568325
ERS468602,SAMEA2568324
ERS468601,SAMEA2568323
ERS468600,SAMEA2568322
ERS468599,SAMEA2568321
ERS468598,SAMEA2568320
ERS468597,SAMEA2568319
ERS468596,SAMEA2568318
ERS468595,SAMEA2568317
ERS468594,SAMEA2568316
ERS468593,SAMEA2568315
ERS468592,SAMEA2568314
ERS468591,SAMEA2568313
ERS468590,SAMEA2568312
ERS468589,SAMEA2568311
ERS468588,SAMEA2568310
ERS468587,SAMEA2568309
ERS468586,SAMEA2568308
ERS468585,SAMEA2568307
ERS468584,SAMEA2568306
ERS468583,SAMEA2568305
ERS468582,SAMEA2568304
ERS468581,SAMEA2568303
ERS468580,SAMEA2568302
ERS468579,SAMEA2568301
ERS468578,SAMEA2568300
ERS468577,SAMEA2568299
ERS468576,SAMEA2568298
ERS468575,SAMEA2568297
ERS468574,SAMEA2568296
ERS468573,SAMEA2568295
ERS468572,SAMEA2568294
ERS468571,SAMEA2568293
ERS468570,SAMEA2568292
ERS468569,SAMEA2568291
ERS468568,SAMEA2568290
ERS468567,SAMEA2568289
ERS468566,SAMEA2568288
ERS468565,SAMEA2568287
ERS468564,SAMEA2568286
ERS468563,SAMEA2568285
ERS468562,SAMEA2568284
ERS468561,SAMEA2568283
ERS468560,SAMEA2568282
ERS468559,SAMEA2568281
ERS468558,SAMEA2568280
ERS468557,SAMEA2568279
ERS468556,SAMEA2568278
ERS468555,SAMEA2568277
ERS468554,SAMEA2568276
ERS468553,SAMEA2568275
ERS468552,SAMEA2568274
ERS468551,SAMEA2568273
ERS468550,SAMEA2568272
ERS468549,SAMEA2568271
ERS468548,SAMEA2568270
ERS468547,SAMEA2568269
ERS468546,SAMEA2568268
ERS468545,SAMEA2568267
ERS468544,SAMEA2568266
ERS468543,SAMEA2568265
ERS468542,SAMEA2568264
ERS468541,SAMEA2568263
ERS468540,SAMEA2568262
ERS468539,SAMEA2568261
ERS468538,SAMEA2568260
ERS468537,SAMEA2568259
ERS468536,SAMEA2568258
ERS468535,SAMEA2568257
ERS468534,SAMEA2568256
ERS468533,SAMEA2568255
ERS468532,SAMEA2568254
ERS468531,SAMEA2568253
ERS468530,SAMEA2568252
ERS468529,SAMEA2568251
ERS468528,SAMEA2568250
ERS468527,SAMEA2568249
ERS468526,SAMEA2568248
ERS468525,SAMEA2568247
ERS468524,SAMEA2568246
ERS468523,SAMEA2568245
ERS468522,SAMEA2568244
ERS468521,SAMEA2568243
ERS468520,SAMEA2568242
ERS468519,SAMEA2568241
ERS468518,SAMEA2568240
ERS468517,SAMEA2568239
ERS468516,SAMEA2568238
ERS468515,SAMEA2568237
ERS468514,SAMEA2568236
ERS468513,SAMEA2568235
ERS468512,SAMEA2568234
ERS468511,SAMEA2568233
ERS468510,SAMEA2568232
ERS468509,SAMEA2568231
ERS468508,SAMEA2568230
ERS468507,SAMEA2568229
ERS468506,SAMEA2568228
ERS468505,SAMEA2568227
ERS468504,SAMEA2568226
ERS468503,SAMEA2568225
ERS468502,SAMEA2568224
ERS468501,SAMEA2568223
ERS468500,SAMEA2568222
ERS468499,SAMEA2568221
ERS468498,SAMEA2568220
ERS468497,SAMEA2568219
ERS468496,SAMEA2568218
ERS468495,SAMEA2568217
ERS468494,SAMEA2568216
ERS468493,SAMEA2568215
ERS468492,SAMEA2568214
ERS468491,SAMEA2568213
ERS468490,SAMEA2568212
ERS468489,SAMEA2568211
ERS468488,SAMEA2568210
ERS468487,SAMEA2568209
ERS468486,SAMEA2568208
ERS468485,SAMEA2568207
ERS468484,SAMEA2568206
ERS468483,SAMEA2568205
ERS468482,SAMEA2568204
ERS468481,SAMEA2568203
ERS468480,SAMEA2568202
ERS468479,SAMEA2568201
ERS468478,SAMEA2568200
ERS468477,SAMEA2568199
ERS468476,SAMEA2568198
ERS468475,SAMEA2568197
ERS468474,SAMEA2568196
ERS468473,SAMEA2568195
ERS468472,SAMEA2568194
ERS468471,SAMEA2568193
ERS468470,SAMEA2568192
ERS468469,SAMEA2568191
ERS468468,SAMEA2568190
ERS468467,SAMEA2568189
ERS468466,SAMEA2568188
ERS468465,SAMEA2568187
ERS468464,SAMEA2568186
ERS468463,SAMEA2568185
ERS468462,SAMEA2568184
ERS468461,SAMEA2568183
ERS468460,SAMEA2568182
ERS468459,SAMEA2568181
ERS468458,SAMEA2568180
ERS468457,SAMEA2568179
ERS468456,SAMEA2568178
ERS468455,SAMEA2568177
ERS468454,SAMEA2568176
ERS468453,SAMEA2568175
ERS468452,SAMEA2568174
ERS468451,SAMEA2568173
ERS468450,SAMEA2568172
ERS468449,SAMEA2568171
ERS468448,SAMEA2568170
ERS468447,SAMEA2568169
ERS468446,SAMEA2568168
ERS468445,SAMEA2568167
ERS468444,SAMEA2568166
ERS468443,SAMEA2568165
ERS468442,SAMEA2568164
ERS468441,SAMEA2568163
ERS468440,SAMEA2568162
ERS468439,SAMEA2568161
ERS468438,SAMEA2568160
ERS468437,SAMEA2568159
ERS468436,SAMEA2568158
ERS468435,SAMEA2568157
ERS468434,SAMEA2568156
ERS468433,SAMEA2568155
ERS468432,SAMEA2568154
ERS468431,SAMEA2568153
ERS468430,SAMEA2568152
ERS468429,SAMEA2568151
ERS468428,SAMEA2568150
ERS468427,SAMEA2568149
ERS468426,SAMEA2568148
ERS468425,SAMEA2568147
ERS468424,SAMEA2568146
ERS468423,SAMEA2568145
ERS468422,SAMEA2568144
ERS468421,SAMEA2568143
ERS468420,SAMEA2568142
ERS468419,SAMEA2568141
ERS468418,SAMEA2568140
ERS468417,SAMEA2568139
ERS468416,SAMEA2568138
ERS468415,SAMEA2568137
ERS468414,SAMEA2568136
ERS468413,SAMEA2568135
ERS468412,SAMEA2568134
ERS468411,SAMEA2568133
ERS468410,SAMEA2568132
ERS468409,SAMEA2568131
ERS468408,SAMEA2568130
ERS468407,SAMEA2568129
ERS468406,SAMEA2568128
ERS468405,SAMEA2568127
ERS468404,SAMEA2568126
ERS468403,SAMEA2568125
ERS468402,SAMEA2568124
ERS468401,SAMEA2568123
ERS468400,SAMEA2568122
ERS468399,SAMEA2568121
ERS468398,SAMEA2568120
ERS468397,SAMEA2568119
ERS468396,SAMEA2568118
ERS468395,SAMEA2568117
ERS468394,SAMEA2568116
ERS468393,SAMEA2568115
ERS468392,SAMEA2568114
ERS468391,SAMEA2568113
ERS468390,SAMEA2568112
ERS468389,SAMEA2568111
ERS468388,SAMEA2568110
ERS468387,SAMEA2568109
ERS468386,SAMEA2568108
ERS468385,SAMEA2568107
ERS468384,SAMEA2568106
ERS468383,SAMEA2568105
ERS468382,SAMEA2568104
ERS468381,SAMEA2568103
ERS468380,SAMEA2568102
ERS468379,SAMEA2568101
ERS468378,SAMEA2568100
ERS468377,SAMEA2568099
ERS468376,SAMEA2568098
ERS468375,SAMEA2568097
ERS468374,SAMEA2568096
ERS468373,SAMEA2568095
ERS468372,SAMEA2568094
ERS468371,SAMEA2568093
ERS468370,SAMEA2568092
ERS468369,SAMEA2568091
ERS468368,SAMEA2568090
ERS468367,SAMEA2568089
ERS468366,SAMEA2568088
ERS468365,SAMEA2568087
ERS468364,SAMEA2568086
ERS468363,SAMEA2568085
ERS468362,SAMEA2568084
ERS468361,SAMEA2568083
ERS468360,SAMEA2568082
ERS468359,SAMEA2568081
ERS468358,SAMEA2568080
ERS468357,SAMEA2568079
ERS468356,SAMEA2568078
ERS468355,SAMEA2568077
ERS468354,SAMEA2568076
ERS468353,SAMEA2568075
ERS468352,SAMEA2568074
ERS468351,SAMEA2568073
ERS468350,SAMEA2568072
ERS468349,SAMEA2568071
ERS468348,SAMEA2568070
ERS468347,SAMEA2568069
ERS468346,SAMEA2568068
ERS468345,SAMEA2568067
ERS468344,SAMEA2568066
ERS468343,SAMEA2568065
ERS468342,SAMEA2568064
ERS468341,SAMEA2568063
ERS468340,SAMEA2568062
ERS468339,SAMEA2568061
ERS468338,SAMEA2568060
ERS468337,SAMEA2568059
ERS468336,SAMEA2568058
ERS468335,SAMEA2568057
ERS468334,SAMEA2568056
ERS468333,SAMEA2568055
ERS468332,SAMEA2568054
ERS468331,SAMEA2568053
ERS468330,SAMEA2568052
ERS468329,SAMEA2568051
ERS468328,SAMEA2568050
ERS468327,SAMEA2568049
ERS468326,SAMEA2568048
ERS468325,SAMEA2568047
ERS468324,SAMEA2568046
ERS468323,SAMEA2568045
ERS468322,SAMEA2568044
ERS468321,SAMEA2568043
ERS468320,SAMEA2568042
ERS468319,SAMEA2568041
ERS468318,SAMEA2568040
ERS468317,SAMEA2568039
ERS468316,SAMEA2568038
ERS468315,SAMEA2568037
ERS468314,SAMEA2568036
ERS468313,SAMEA2568035
ERS468312,SAMEA2568034
ERS468311,SAMEA2568033
ERS468310,SAMEA2568032
ERS468309,SAMEA2568031
ERS468308,SAMEA2568030
ERS468307,SAMEA2568029
ERS468306,SAMEA2568028
ERS468305,SAMEA2568027
ERS468304,SAMEA2568026
ERS468303,SAMEA2568025
ERS468302,SAMEA2568024
ERS468301,SAMEA2568023
ERS468300,SAMEA2568022
ERS468299,SAMEA2568021
ERS468298,SAMEA2568020
ERS468297,SAMEA2568019
ERS468296,SAMEA2568018
ERS468295,SAMEA2568017
ERS468294,SAMEA2568016
ERS468293,SAMEA2568015
ERS468292,SAMEA2568014
ERS468291,SAMEA2568013
ERS468290,SAMEA2568012
ERS468289,SAMEA2568011
ERS468288,SAMEA2568010
ERS468287,SAMEA2568009
ERS468286,SAMEA2568008
ERS468285,SAMEA2568007
ERS468284,SAMEA2568006
ERS468283,SAMEA2568005
ERS468282,SAMEA2568004
ERS468281,SAMEA2568003
ERS468280,SAMEA2568002
ERS468279,SAMEA2568001
ERS468278,SAMEA2568000
ERS468277,SAMEA2567999
ERS468276,SAMEA2567998
ERS468275,SAMEA2567997
ERS468274,SAMEA2567996
ERS468273,SAMEA2567995
ERS468272,SAMEA2567994
ERS468271,SAMEA2567993
ERS468270,SAMEA2567992
ERS468269,SAMEA2567991
ERS468268,SAMEA2567990
ERS468267,SAMEA2567989
ERS468266,SAMEA2567988
ERS468265,SAMEA2567987
ERS468264,SAMEA2567986
ERS468263,SAMEA2567985
ERS468262,SAMEA2567984
ERS468261,SAMEA2567983
ERS468260,SAMEA2567982
ERS468259,SAMEA2567981
ERS468258,SAMEA2567980
ERS468257,SAMEA2567979
ERS468256,SAMEA2567978
ERS468255,SAMEA2567977
ERS468254,SAMEA2567976
ERS468253,SAMEA2567975
ERS468252,SAMEA2567974
ERS468251,SAMEA2567973
ERS468250,SAMEA2567972
ERS468249,SAMEA2567971
ERS468248,SAMEA2567970
ERS468247,SAMEA2567969
ERS468246,SAMEA2567968
ERS468245,SAMEA2567967
ERS468244,SAMEA2567966
ERS468243,SAMEA2567965
ERS468242,SAMEA2567964
ERS468241,SAMEA2567963
ERS468240,SAMEA2567962
ERS468239,SAMEA2567961
ERS468238,SAMEA2567960
ERS468237,SAMEA2567959
ERS468236,SAMEA2567958
ERS468235,SAMEA2567957
ERS468234,SAMEA2567956
ERS468233,SAMEA2567955
ERS468232,SAMEA2567954
ERS468231,SAMEA2567953
ERS468230,SAMEA2567952
ERS468229,SAMEA2567951
ERS468228,SAMEA2567950
ERS468227,SAMEA2567949
ERS468226,SAMEA2567948
ERS468225,SAMEA2567947
ERS468224,SAMEA2567946
ERS468223,SAMEA2567945
ERS468222,SAMEA2567944
ERS468221,SAMEA2567943
ERS468220,SAMEA2567942
ERS468219,SAMEA2567941
ERS468218,SAMEA2567940
ERS468217,SAMEA2567939
ERS468216,SAMEA2567938
ERS468215,SAMEA2567937
ERS468214,SAMEA2567936
ERS468213,SAMEA2567935
ERS468212,SAMEA2567934
ERS468211,SAMEA2567933
ERS468210,SAMEA2567932
ERS468209,SAMEA2567931
ERS468208,SAMEA2567930
ERS468207,SAMEA2567929
ERS468206,SAMEA2567928
ERS468205,SAMEA2567927
ERS468204,SAMEA2567926
ERS468203,SAMEA2567925
ERS468202,SAMEA2567924
ERS468201,SAMEA2567923
ERS468200,SAMEA2567922
ERS468199,SAMEA2567921
ERS468198,SAMEA2567920
ERS468197,SAMEA2567919
ERS468196,SAMEA2567918
ERS468195,SAMEA2567917
ERS468194,SAMEA2567916
ERS468193,SAMEA2567915
ERS468192,SAMEA2567914
ERS468191,SAMEA2567913
ERS468190,SAMEA2567912
ERS468189,SAMEA2567911
ERS468188,SAMEA2567910
ERS468187,SAMEA2567909
ERS468186,SAMEA2567908
ERS468185,SAMEA2567907
ERS468184,SAMEA2567906
ERS468183,SAMEA2567905
ERS468182,SAMEA2567904
ERS468181,SAMEA2567903
ERS468180,SAMEA2567902
ERS468179,SAMEA2567901
ERS468178,SAMEA2567900
ERS468177,SAMEA2567899
ERS468176,SAMEA2567898
ERS468175,SAMEA2567897
ERS468174,SAMEA2567896
ERS468173,SAMEA2567895
ERS468172,SAMEA2567894
ERS468171,SAMEA2567893
ERS468170,SAMEA2567892
ERS468169,SAMEA2567891
ERS468168,SAMEA2567890
ERS468167,SAMEA2567889
ERS468166,SAMEA2567888
ERS468165,SAMEA2567887
ERS468164,SAMEA2567886
ERS468163,SAMEA2567885
ERS468162,SAMEA2567884
ERS468161,SAMEA2567883
ERS468160,SAMEA2567882
ERS468159,SAMEA2567881
ERS468158,SAMEA2567880
ERS468157,SAMEA2567879
ERS468156,SAMEA2567878
ERS468155,SAMEA2567877
ERS468154,SAMEA2567876
ERS468153,SAMEA2567875
ERS468152,SAMEA2567874
ERS468151,SAMEA2567873
ERS468150,SAMEA2567872
ERS468149,SAMEA2567871
ERS468148,SAMEA2567870
ERS468147,SAMEA2567869
ERS468146,SAMEA2567868
ERS468145,SAMEA2567867
ERS468144,SAMEA2567866
ERS468143,SAMEA2567865
ERS468142,SAMEA2567864
ERS468141,SAMEA2567863
ERS468140,SAMEA2567862
ERS468139,SAMEA2567861
ERS468138,SAMEA2567860
ERS468137,SAMEA2567859
ERS468136,SAMEA2567858
ERS468135,SAMEA2567857
ERS468134,SAMEA2567856
ERS468133,SAMEA2567855
ERS468132,SAMEA2567854
ERS468131,SAMEA2567853
ERS468130,SAMEA2567852
ERS468129,SAMEA2567851
ERS468128,SAMEA2567850
ERS468127,SAMEA2567849
ERS468126,SAMEA2567848
ERS468125,SAMEA2567847
ERS468124,SAMEA2567846
ERS468123,SAMEA2567845
ERS468122,SAMEA2567844
ERS468121,SAMEA2567843
ERS468120,SAMEA2567842
ERS468119,SAMEA2567841
ERS468118,SAMEA2567840
ERS468117,SAMEA2567839
ERS468116,SAMEA2567838
ERS468115,SAMEA2567837
ERS468114,SAMEA2567836
ERS468113,SAMEA2567835
ERS468112,SAMEA2567834
ERS468111,SAMEA2567833
ERS468110,SAMEA2567832
ERS468109,SAMEA2567831
ERS468108,SAMEA2567830
ERS468107,SAMEA2567829
ERS468106,SAMEA2567828
ERS468105,SAMEA2567827
ERS468104,SAMEA2567826
ERS468103,SAMEA2567825
ERS468102,SAMEA2567824
ERS468101,SAMEA2567823
ERS468100,SAMEA2567822
ERS468099,SAMEA2567821
ERS468098,SAMEA2567820
ERS468097,SAMEA2567819
ERS468096,SAMEA2567818
ERS468095,SAMEA2567817
ERS468094,SAMEA2567816
ERS468093,SAMEA2567815
ERS468092,SAMEA2567814
ERS468091,SAMEA2567813
ERS468090,SAMEA2567812
ERS468089,SAMEA2567811
ERS468088,SAMEA2567810
ERS468087,SAMEA2567809
ERS468086,SAMEA2567808
ERS468085,SAMEA2567807
ERS468084,SAMEA2567806
ERS468083,SAMEA2567805
ERS468082,SAMEA2567804
ERS468081,SAMEA2567803
ERS468080,SAMEA2567802
ERS468079,SAMEA2567801
ERS468078,SAMEA2567800
ERS468077,SAMEA2567799
ERS468076,SAMEA2567798
ERS468075,SAMEA2567797
ERS468074,SAMEA2567796
ERS468073,SAMEA2567795
ERS468072,SAMEA2567794
ERS468071,SAMEA2567793
ERS468070,SAMEA2567792
ERS468069,SAMEA2567791
ERS468068,SAMEA2567790
ERS468067,SAMEA2567789
ERS468066,SAMEA2567788
ERS468065,SAMEA2567787
ERS468064,SAMEA2567786
ERS468063,SAMEA2567785
ERS468062,SAMEA2567784
ERS468061,SAMEA2567783
ERS468060,SAMEA2567782
ERS468059,SAMEA2567781
ERS468058,SAMEA2567780
ERS468057,SAMEA2567779
ERS468056,SAMEA2567778
ERS468055,SAMEA2567777
ERS468054,SAMEA2567776
ERS468053,SAMEA2567775
ERS468052,SAMEA2567774
ERS468051,SAMEA2567773
ERS468050,SAMEA2567772
ERS468049,SAMEA2567771
ERS468048,SAMEA2567770
ERS468047,SAMEA2567769
ERS468046,SAMEA2567768
ERS468045,SAMEA2567767
ERS468044,SAMEA2567766
ERS468043,SAMEA2567765
ERS468042,SAMEA2567764
ERS468041,SAMEA2567763
ERS468040,SAMEA2567762
ERS468039,SAMEA2567761
ERS468038,SAMEA2567760
ERS468037,SAMEA2567759
ERS468036,SAMEA2567758
ERS468035,SAMEA2567757
ERS468034,SAMEA2567756
ERS468033,SAMEA2567755
ERS468032,SAMEA2567754
ERS468031,SAMEA2567753
ERS468030,SAMEA2567752
ERS468029,SAMEA2567751
ERS468028,SAMEA2567750
ERS468027,SAMEA2567749
ERS468026,SAMEA2567748
ERS468025,SAMEA2567747
ERS468024,SAMEA2567746
ERS468023,SAMEA2567745
ERS468022,SAMEA2567744
ERS468021,SAMEA2567743
ERS468020,SAMEA2567742
ERS468019,SAMEA2567741
ERS468018,SAMEA2567740
ERS468017,SAMEA2567739
ERS468016,SAMEA2567738
ERS468015,SAMEA2567737
ERS468014,SAMEA2567736
ERS468013,SAMEA2567735
ERS468012,SAMEA2567734
ERS468011,SAMEA2567733
ERS468010,SAMEA2567732
ERS468009,SAMEA2567731
ERS468008,SAMEA2567730
ERS468007,SAMEA2567729
ERS468006,SAMEA2567728
ERS468005,SAMEA2567727
ERS468004,SAMEA2567726
ERS468003,SAMEA2567725
ERS468002,SAMEA2567724
ERS468001,SAMEA2567723
ERS468000,SAMEA2567722
ERS467999,SAMEA2567721
ERS467998,SAMEA2567720
ERS467997,SAMEA2567719
ERS467996,SAMEA2567718
ERS467995,SAMEA2567717
ERS467994,SAMEA2567716
ERS467993,SAMEA2567715
ERS467992,SAMEA2567714
ERS467991,SAMEA2567713
ERS467990,SAMEA2567712
ERS467989,SAMEA2567711
ERS467988,SAMEA2567710
ERS467987,SAMEA2567709
ERS467986,SAMEA2567708
ERS467985,SAMEA2567707
ERS467984,SAMEA2567706
ERS467983,SAMEA2567705
ERS467982,SAMEA2567704
ERS467981,SAMEA2567703
ERS467980,SAMEA2567702
ERS467979,SAMEA2567701
ERS467978,SAMEA2567700
ERS467977,SAMEA2567699
ERS467976,SAMEA2567698
ERS467975,SAMEA2567697
ERS467974,SAMEA2567696
ERS467973,SAMEA2567695
ERS467972,SAMEA2567694
ERS467971,SAMEA2567693
ERS467970,SAMEA2567692
ERS467969,SAMEA2567691
ERS467968,SAMEA2567690
ERS467967,SAMEA2567689
ERS467966,SAMEA2567688
ERS467965,SAMEA2567687
ERS467964,SAMEA2567686
ERS467963,SAMEA2567685
ERS467962,SAMEA2567684
ERS467961,SAMEA2567683
ERS467960,SAMEA2567682
ERS467959,SAMEA2567681
ERS467958,SAMEA2567680
ERS467957,SAMEA2567679
ERS467956,SAMEA2567678
ERS467955,SAMEA2567677
ERS467954,SAMEA2567676
ERS467953,SAMEA2567675
ERS467952,SAMEA2567674
ERS467951,SAMEA2567673
ERS467950,SAMEA2567672
ERS467949,SAMEA2567671
ERS467948,SAMEA2567670
ERS467947,SAMEA2567669
ERS467946,SAMEA2567668
ERS467945,SAMEA2567667
ERS467944,SAMEA2567666
ERS467943,SAMEA2567665
ERS467942,SAMEA2567664
ERS467941,SAMEA2567663
ERS467940,SAMEA2567662
ERS467939,SAMEA2567661
ERS467938,SAMEA2567660
ERS467937,SAMEA2567659
ERS467936,SAMEA2567658
ERS467935,SAMEA2567657
ERS467934,SAMEA2567656
ERS467933,SAMEA2567655
ERS467932,SAMEA2567654
ERS467931,SAMEA2567653
ERS467930,SAMEA2567652
ERS467929,SAMEA2567651
ERS467928,SAMEA2567650
ERS467927,SAMEA2567649
ERS467926,SAMEA2567648
ERS467925,SAMEA2567647
ERS467924,SAMEA2567646
ERS467923,SAMEA2567645
ERS467922,SAMEA2567644
ERS467921,SAMEA2567643
ERS467920,SAMEA2567642
ERS467919,SAMEA2567641
ERS467918,SAMEA2567640
ERS467917,SAMEA2567639
ERS467916,SAMEA2567638
ERS467915,SAMEA2567637
ERS467914,SAMEA2567636
ERS467913,SAMEA2567635
ERS467912,SAMEA2567634
ERS467911,SAMEA2567633
ERS467910,SAMEA2567632
ERS467909,SAMEA2567631
ERS467908,SAMEA2567630
ERS467907,SAMEA2567629
ERS467906,SAMEA2567628
ERS467905,SAMEA2567627
ERS467904,SAMEA2567626
ERS467903,SAMEA2567625
ERS467902,SAMEA2567624
ERS467901,SAMEA2567623
ERS467900,SAMEA2567622
ERS467899,SAMEA2567621
ERS467898,SAMEA2567620
ERS467897,SAMEA2567619
ERS467896,SAMEA2567618
ERS467895,SAMEA2567617
ERS467894,SAMEA2567616
ERS467893,SAMEA2567615
ERS467892,SAMEA2567614
ERS467891,SAMEA2567613
ERS467890,SAMEA2567612
ERS467889,SAMEA2567611
ERS467888,SAMEA2567610
ERS467887,SAMEA2567609
ERS467886,SAMEA2567608
ERS467885,SAMEA2567607
ERS467884,SAMEA2567606
ERS467883,SAMEA2567605
ERS467882,SAMEA2567604
ERS467881,SAMEA2567603
ERS467880,SAMEA2567602
ERS467879,SAMEA2567601
ERS467878,SAMEA2567600
ERS467877,SAMEA2567599
ERS467876,SAMEA2567598
ERS467875,SAMEA2567597
ERS467874,SAMEA2567596
ERS467873,SAMEA2567595
ERS467872,SAMEA2567594
ERS467871,SAMEA2567593
ERS467870,SAMEA2567592
ERS467869,SAMEA2567591
ERS467868,SAMEA2567590
ERS467867,SAMEA2567589
ERS467866,SAMEA2567588
ERS467865,SAMEA2567587
ERS467864,SAMEA2567586
ERS467863,SAMEA2567585
ERS467862,SAMEA2567584
ERS467861,SAMEA2567583
ERS467860,SAMEA2567582
ERS467859,SAMEA2567581
ERS467858,SAMEA2567580
ERS467857,SAMEA2567579
ERS467856,SAMEA2567578
ERS467855,SAMEA2567577
ERS467854,SAMEA2567576
ERS467853,SAMEA2567575
ERS467852,SAMEA2567574
ERS467851,SAMEA2567573
ERS467850,SAMEA2567572
ERS467849,SAMEA2567571
ERS467848,SAMEA2567570
ERS467847,SAMEA2567569
ERS467846,SAMEA2567568
ERS467845,SAMEA2567567
ERS467844,SAMEA2567566
ERS467843,SAMEA2567565
ERS467842,SAMEA2567564
ERS467841,SAMEA2567563
ERS467840,SAMEA2567562
ERS467839,SAMEA2567561
ERS467838,SAMEA2567560
ERS467837,SAMEA2567559
ERS467836,SAMEA2567558
ERS467835,SAMEA2567557
ERS467834,SAMEA2567556
ERS467833,SAMEA2567555
ERS467832,SAMEA2567554
ERS467831,SAMEA2567553
ERS467830,SAMEA2567552
ERS467829,SAMEA2567551
ERS467828,SAMEA2567550
ERS467827,SAMEA2567549
ERS467826,SAMEA2567548
ERS467825,SAMEA2567547
ERS467824,SAMEA2567546
ERS467823,SAMEA2567545
ERS467822,SAMEA2567544
ERS467821,SAMEA2567543
ERS467820,SAMEA2567542
ERS467819,SAMEA2567541
ERS467818,SAMEA2567540
ERS467817,SAMEA2567539
ERS467816,SAMEA2567538
ERS467815,SAMEA2567537
ERS467814,SAMEA2567536
ERS467813,SAMEA2567535
ERS467812,SAMEA2567534
ERS467811,SAMEA2567533
ERS467810,SAMEA2567532
ERS467809,SAMEA2567531
ERS467808,SAMEA2567530
ERS467807,SAMEA2567529
ERS467806,SAMEA2567528
ERS467805,SAMEA2567527
ERS467804,SAMEA2567526
ERS467803,SAMEA2567525
ERS467802,SAMEA2567524
ERS467801,SAMEA2567523
ERS467800,SAMEA2567522
ERS467799,SAMEA2567521
ERS467798,SAMEA2567520
ERS467797,SAMEA2567519
ERS467796,SAMEA2567518
ERS467795,SAMEA2567517
ERS467794,SAMEA2567516
ERS467793,SAMEA2567515
ERS467792,SAMEA2567514
ERS467791,SAMEA2567513
ERS467790,SAMEA2567512
ERS467789,SAMEA2567511
ERS467788,SAMEA2567510
ERS467787,SAMEA2567509
ERS467786,SAMEA2567508
ERS467785,SAMEA2567507
ERS467784,SAMEA2567506
ERS467783,SAMEA2567505
ERS467782,SAMEA2567504
ERS467781,SAMEA2567503
ERS467780,SAMEA2567502
ERS467779,SAMEA2567501
ERS467778,SAMEA2567500
ERS467777,SAMEA2567499
ERS467776,SAMEA2567498
ERS467775,SAMEA2567497
ERS467774,SAMEA2567496
ERS467773,SAMEA2567495
ERS467772,SAMEA2567494
ERS467771,SAMEA2567493
ERS467770,SAMEA2567492
ERS467769,SAMEA2567491
ERS467768,SAMEA2567490
ERS467767,SAMEA2567489
ERS467766,SAMEA2567488
ERS467765,SAMEA2567487
ERS467764,SAMEA2567486
ERS467763,SAMEA2567485
ERS467762,SAMEA2567484
ERS467761,SAMEA2567483
ERS467760,SAMEA2567482
ERS467759,SAMEA2567481
ERS467758,SAMEA2567480
ERS467757,SAMEA2567479
ERS467756,SAMEA2567478
ERS467755,SAMEA2567477
ERS467754,SAMEA2567476
ERS467753,SAMEA2567475
